Rank,Player,Club,GAMES,INNS,NOT OUTS,RUNS,HIGH SCORE,AVG,50s,100s,STRIKE RATE,4s,6s,DUCKS,BOWLED,CAUGHT,LBW,STUMPED,RUN OUT,DID NOT BAT(%),GAMES WON(%),GAMES LOST(%),GAMES DRAWN(%),TEAM RUNS(%)
1,Player_421,Club_15,19,16,8,393,73,49.13,2,0,118.48,58,11,1,4,2,1,0,1,3(15.79%),12(63.16%),5(26.32%),0(0.00%),18.18
2,Player_005,Club_14,17,16,10,369,36,61.5,0,0,137.69,43,12,1,3,1,0,0,2,1(5.88%),13(76.47%),4(23.53%),0(0.00%),18.62
3,Player_247,Club_29,13,13,9,339,33,84.75,0,0,152.36,60,5,1,3,1,0,0,0,0(0.00%),8(61.54%),5(38.46%),0(0.00%),25.22
4,Player_032,Club_14,19,17,9,327,33,40.88,0,0,102.36,47,2,0,5,2,1,0,0,2(10.53%),15(78.95%),4(21.05%),0(0.00%),14.64
5,Player_195,Club_43,14,14,7,325,33,46.43,0,0,95.59,49,1,1,2,4,0,0,0,0(0.00%),4(28.57%),10(71.43%),0(0.00%),25.83
6,Player_301,Club_11,12,12,8,299,32,74.75,0,0,106.03,42,3,0,2,2,0,0,0,0(0.00%),6(50.00%),6(50.00%),0(0.00%),24.88
7,Player_253,Club_36,17,14,7,298,33,42.57,0,0,106.05,29,8,0,3,3,0,1,0,3(17.65%),15(88.24%),2(11.76%),0(0.00%),14.71
8,Player_231,Club_39,13,13,8,295,34,59.0,0,0,76.62,31,1,0,1,0,0,0,4,0(0.00%),10(76.92%),3(23.08%),0(0.00%),23.83
9,Player_149,Club_34,13,13,10,289,35,96.33,0,0,114.68,36,8,0,2,1,0,0,0,0(0.00%),11(84.62%),2(15.38%),0(0.00%),22.95
10,Player_362,Club_34,15,15,7,280,33,35.0,0,0,128.44,44,3,3,7,1,0,0,0,0(0.00%),12(80.00%),3(20.00%),0(0.00%),18.84
11,Player_194,Club_16,14,13,7,280,33,46.67,0,0,81.85,39,1,0,2,1,1,0,2,1(7.14%),10(71.43%),2(14.29%),0(0.00%),17.52
12,Player_379,Club_36,16,13,10,279,33,93.0,0,0,108.14,29,0,0,0,1,0,0,2,3(18.75%),14(87.50%),2(12.50%),0(0.00%),15.41
13,Player_029,Club_47,11,11,8,272,33,90.67,0,0,90.97,38,2,1,2,1,0,0,0,0(0.00%),8(72.73%),3(27.27%),0(0.00%),23.31
14,Player_309,Club_22,14,14,7,270,33,38.57,0,0,132.35,40,7,0,5,1,0,0,1,0(0.00%),12(85.71%),2(14.29%),0(0.00%),16.97
15,Player_115,Club_37,10,9,8,266,32,266.0,0,0,136.41,45,4,0,0,1,0,0,0,1(10.00%),9(90.00%),1(10.00%),0(0.00%),25.45
16,Player_386,Club_07,11,10,7,264,33,88.0,0,0,100.43,45,0,1,1,2,0,0,0,1(9.09%),10(90.91%),1(9.09%),0(0.00%),26.69
17,Player_414,Club_36,16,12,6,251,35,41.83,0,0,108.19,37,3,2,4,0,1,0,1,4(25.00%),14(87.50%),2(12.50%),0(0.00%),13.29
18,Player_152,Club_08,13,13,7,250,33,41.67,0,0,122.55,36,5,0,4,2,0,0,0,0(0.00%),4(30.77%),9(69.23%),0(0.00%),21.66
19,Player_316,Club_24,10,10,8,245,32,122.5,0,0,155.06,38,5,1,2,0,0,0,0,0(0.00%),3(30.00%),7(70.00%),0(0.00%),38.52
20,Player_186,Club_28,15,15,6,244,35,27.11,0,0,83.85,24,13,3,5,2,1,0,1,0(0.00%),2(13.33%),13(86.67%),0(0.00%),25.13
21,Player_367,Club_29,14,14,6,243,33,30.38,0,0,69.41,27,0,1,4,3,0,0,1,0(0.00%),8(57.14%),6(42.86%),0(0.00%),16.69
22,Player_137,Club_14,15,14,6,242,32,30.25,0,0,93.8,38,0,1,2,5,1,0,0,1(6.67%),12(80.00%),3(20.00%),0(0.00%),13.51
23,Player_384,Club_06,10,9,7,241,33,120.5,0,0,130.19,31,5,0,1,1,0,0,0,1(10.00%),8(80.00%),2(20.00%),0(0.00%),21.38
24,Player_373,Club_42,13,13,3,237,32,23.7,0,0,78.48,33,5,0,4,1,1,2,2,0(0.00%),7(53.85%),6(46.15%),0(0.00%),16.8
25,Player_095,Club_47,10,10,5,230,33,46.0,0,0,100.48,33,2,0,2,2,1,0,0,0(0.00%),7(70.00%),3(30.00%),0(0.00%),21.58
26,Player_260,Club_12,10,10,5,221,33,44.2,0,0,96.93,31,0,1,1,3,0,0,1,0(0.00%),9(90.00%),1(10.00%),0(0.00%),18.46
27,Player_117,Club_29,14,14,8,216,32,36.0,0,0,154.29,36,3,3,2,4,0,0,0,0(0.00%),8(57.14%),6(42.86%),0(0.00%),14.84
28,Player_306,Club_01,10,9,3,216,32,36.0,0,0,90.73,49,5,0,1,4,1,0,0,1(10.00%),7(70.00%),3(30.00%),0(0.00%),22.93
29,Player_229,Club_13,11,10,8,213,33,106.5,0,0,80.08,29,0,0,1,1,0,0,0,1(9.09%),8(72.73%),3(27.27%),0(0.00%),19.52
30,Player_390,Club_36,15,12,8,213,33,53.25,0,0,97.26,25,0,0,2,1,0,0,1,3(20.00%),14(93.33%),1(6.67%),0(0.00%),12.65
31,Player_288,Club_48,13,10,8,212,35,106.0,0,0,175,21,9,2,1,1,0,0,0,3(23.08%),12(92.31%),1(7.69%),0(0.00%),16.23
32,Player_419,Club_12,12,12,6,208,31,34.67,0,0,95.41,34,0,0,2,3,0,0,1,0(0.00%),9(75.00%),3(25.00%),0(0.00%),15.29
33,Player_124,Club_48,12,12,8,206,30,51.5,0,0,98.73,23,2,1,2,2,0,0,0,0(0.00%),12(100.00%),0(0.00%),0(0.00%),17.0
34,Player_412,Club_07,11,10,5,205,32,41.0,0,0,79.72,29,0,0,2,3,0,0,0,1(9.09%),10(90.91%),1(9.09%),0(0.00%),20.14
35,Player_034,Club_32,16,15,6,203,32,22.56,0,0,89.82,34,2,4,7,2,0,0,0,1(6.25%),11(68.75%),3(18.75%),1(6.25%),15.24
36,Player_420,Club_03,8,8,5,200,32,66.67,0,0,67.12,5,0,0,1,1,0,0,1,0(0.00%),5(62.50%),3(37.50%),0(0.00%),26.04
37,Player_426,Club_27,10,10,4,200,33,33.33,0,0,99.35,54,6,0,4,1,0,0,1,0(0.00%),3(30.00%),7(70.00%),0(0.00%),21.44
38,Player_181,Club_36,20,12,7,195,34,39.0,0,0,133.56,25,6,0,2,2,0,0,1,8(40.00%),17(85.00%),3(15.00%),0(0.00%),7.95
39,Player_147,Club_12,12,12,5,193,30,27.57,0,0,75.98,29,0,1,4,1,1,0,1,0(0.00%),9(75.00%),3(25.00%),0(0.00%),14.19
40,Player_059,Club_06,12,10,4,193,32,32.17,0,0,138.14,16,1,0,3,2,1,0,0,2(16.67%),9(75.00%),3(25.00%),0(0.00%),14.31
41,Player_302,Club_14,16,14,6,192,30,24.0,0,0,71.37,20,0,0,5,1,0,0,2,2(12.50%),12(75.00%),4(25.00%),0(0.00%),10.15
42,Player_222,Club_33,11,11,6,190,32,38.0,0,0,74.23,9,0,2,4,1,0,0,0,0(0.00%),7(63.64%),4(36.36%),0(0.00%),17.35
43,Player_418,Club_48,11,7,6,189,33,189.0,0,0,110.34,19,6,1,0,1,0,0,0,4(36.36%),11(100.00%),0(0.00%),0(0.00%),16.0
44,Player_131,Club_42,13,13,5,188,31,23.5,0,0,87.04,27,0,2,3,3,1,0,1,0(0.00%),7(53.85%),6(46.15%),0(0.00%),12.77
45,Player_406,Club_39,13,12,6,187,33,31.17,0,0,77.27,20,0,0,3,2,0,0,1,1(7.69%),10(76.92%),3(23.08%),0(0.00%),15.11
46,Player_374,Club_10,11,11,3,185,33,23.13,0,0,101.09,31,2,2,4,3,0,0,1,0(0.00%),7(63.64%),4(36.36%),0(0.00%),15.84
47,Player_061,Club_09,9,9,4,182,33,36.4,0,0,84.52,29,0,0,3,2,0,0,0,0(0.00%),3(33.33%),6(66.67%),0(0.00%),25.6
48,Player_183,Club_31,11,11,3,182,33,22.75,0,0,94.79,35,1,1,5,3,0,0,0,0(0.00%),4(36.36%),7(63.64%),0(0.00%),15.68
49,Player_287,Club_36,14,12,4,181,32,22.63,0,0,74.49,24,0,2,2,5,0,0,1,2(14.29%),13(92.86%),1(7.14%),0(0.00%),10.75
50,Player_214,Club_10,11,11,3,180,34,22.5,0,0,72,25,3,1,5,2,1,0,0,0(0.00%),7(63.64%),4(36.36%),0(0.00%),15.41
51,Player_203,Club_49,12,12,7,176,33,35.2,0,0,64.89,22,3,2,3,1,1,0,0,0(0.00%),5(41.67%),6(50.00%),0(0.00%),20.78
52,Player_076,Club_14,15,14,6,175,32,21.88,0,0,62.5,25,0,2,5,2,0,0,1,1(6.67%),9(60.00%),6(40.00%),0(0.00%),13.49
53,Player_140,Club_16,10,9,4,172,32,34.4,0,0,147.37,19,5,0,1,4,0,0,0,1(10.00%),8(80.00%),1(10.00%),0(0.00%),15.78
54,Player_146,Club_35,10,9,3,169,32,28.17,0,0,131.01,24,1,1,5,1,0,0,0,1(10.00%),6(60.00%),4(40.00%),0(0.00%),20.0
55,Player_113,Club_37,13,13,4,166,32,18.44,0,0,81.37,23,4,2,6,2,1,0,0,0(0.00%),13(100.00%),0(0.00%),0(0.00%),12.6
56,Player_227,Club_22,10,9,3,164,34,27.33,0,0,132.26,21,6,0,3,1,2,0,0,1(10.00%),10(100.00%),0(0.00%),0(0.00%),14.47
57,Player_297,Club_46,10,10,3,164,31,23.43,0,0,87.23,27,0,1,1,6,0,0,0,0(0.00%),5(50.00%),5(50.00%),0(0.00%),17.67
58,Player_280,Club_36,18,14,4,163,30,16.3,0,0,70.56,18,0,0,3,4,0,1,2,4(22.22%),13(72.22%),5(27.78%),0(0.00%),7.91
59,Player_035,Club_22,13,11,4,163,31,23.29,0,0,73.76,13,0,1,1,4,0,0,2,2(15.38%),10(76.92%),3(23.08%),0(0.00%),11.13
60,Player_047,Club_05,9,9,3,162,31,27.0,0,0,85.71,17,0,0,4,2,0,0,0,0(0.00%),5(55.56%),4(44.44%),0(0.00%),16.63
61,Player_123,Club_08,7,7,5,161,31,80.5,0,0,89.44,21,1,1,0,1,0,0,0,0(0.00%),4(57.14%),3(42.86%),0(0.00%),21.93
62,Player_310,Club_43,13,13,3,161,31,16.1,0,0,49.39,21,0,3,4,4,1,0,1,0(0.00%),4(30.77%),9(69.23%),0(0.00%),13.5
63,Player_307,Club_22,14,12,2,161,32,16.1,0,0,111.03,26,1,1,7,2,1,0,0,2(14.29%),11(78.57%),3(21.43%),0(0.00%),9.85
64,Player_385,Club_38,10,9,4,160,35,32.0,0,0,95.24,21,3,1,3,2,0,0,0,1(10.00%),3(30.00%),7(70.00%),0(0.00%),15.63
65,Player_322,Club_13,10,9,4,159,31,31.8,0,0,110.42,24,2,2,3,2,0,0,0,1(10.00%),8(80.00%),2(20.00%),0(0.00%),15.5
66,Player_019,Club_03,6,6,4,159,35,79.5,0,0,122.22,9,1,1,1,0,0,0,0,0(0.00%),4(66.67%),2(33.33%),0(0.00%),20.95
67,Player_317,Club_22,12,12,4,158,31,19.75,0,0,95.18,19,1,2,5,2,0,0,1,0(0.00%),9(75.00%),3(25.00%),0(0.00%),11.24
68,Player_398,Club_11,12,12,2,158,30,15.8,0,0,73.83,17,1,0,7,3,0,0,0,0(0.00%),7(58.33%),5(41.67%),0(0.00%),12.54
69,Player_011,Club_46,10,10,4,156,33,26.0,0,0,100,19,6,2,2,3,0,0,1,0(0.00%),5(50.00%),5(50.00%),0(0.00%),16.81
70,Player_361,Club_39,10,9,4,155,31,31.0,0,0,75.24,19,0,0,3,2,0,0,0,1(10.00%),9(90.00%),1(10.00%),0(0.00%),16.52
71,Player_262,Club_43,11,9,4,155,28,31.0,0,0,73.57,12,0,0,3,1,1,0,0,2(18.18%),4(36.36%),5(45.45%),1(9.09%),17.59
72,Player_080,Club_34,15,15,3,154,32,12.83,0,0,49.52,17,0,2,8,3,0,0,1,0(0.00%),12(80.00%),3(20.00%),0(0.00%),10.36
73,Player_308,Club_32,15,14,3,153,25,13.91,0,0,95,23,2,1,4,3,1,0,3,1(6.67%),10(66.67%),3(20.00%),1(6.67%),12.31
74,Player_129,Club_39,11,8,5,151,32,50.33,0,0,97.42,18,3,0,1,1,1,0,0,3(27.27%),9(81.82%),2(18.18%),0(0.00%),14.88
75,Player_013,Club_21,10,10,2,150,33,18.75,0,0,78.13,19,3,0,7,1,0,0,0,0(0.00%),5(50.00%),5(50.00%),0(0.00%),16.38
76,Player_271,Club_32,15,15,1,150,31,10.71,0,0,90.2,22,0,4,9,4,0,1,0,0(0.00%),10(66.67%),3(20.00%),1(6.67%),11.72
77,Player_009,Club_34,15,15,3,149,31,12.42,0,0,96.75,23,2,3,9,3,0,0,0,0(0.00%),12(80.00%),3(20.00%),0(0.00%),10.03
78,Player_238,Club_15,11,10,6,148,32,37.0,0,0,137.04,27,1,1,2,2,0,0,0,1(9.09%),5(45.45%),6(54.55%),0(0.00%),10.5
79,Player_028,Club_19,10,8,4,148,30,37.0,0,0,91.55,7,0,0,2,1,0,0,1,2(20.00%),8(80.00%),2(20.00%),0(0.00%),12.8
80,Player_060,Club_38,10,9,3,148,32,24.67,0,0,93.08,15,6,1,5,1,0,0,0,1(10.00%),4(40.00%),6(60.00%),0(0.00%),14.64
81,Player_413,Club_45,10,9,4,147,33,29.4,0,0,89.19,14,1,2,4,1,0,0,0,1(10.00%),5(50.00%),3(30.00%),1(10.00%),19.27
82,Player_081,Club_10,10,8,4,144,31,36.0,0,0,75.79,23,1,0,1,2,0,0,1,2(20.00%),6(60.00%),4(40.00%),0(0.00%),13.28
83,Player_347,Club_46,10,10,3,143,33,20.43,0,0,135.24,20,4,2,5,1,1,0,0,0(0.00%),5(50.00%),5(50.00%),0(0.00%),15.41
84,Player_175,Club_28,15,15,1,142,30,10.14,0,0,81.61,20,1,4,9,3,0,0,2,0(0.00%),2(13.33%),13(86.67%),0(0.00%),14.62
85,Player_054,Club_49,12,11,3,141,30,17.63,0,0,97.1,21,1,3,4,3,0,0,1,1(8.33%),5(41.67%),6(50.00%),0(0.00%),16.65
86,Player_276,Club_06,9,7,5,140,32,70.0,0,0,148.84,22,1,1,0,1,0,0,1,2(22.22%),8(88.89%),1(11.11%),0(0.00%),13.55
87,Player_135,Club_29,12,11,4,140,32,20.0,0,0,76.09,20,0,2,5,1,0,0,1,1(8.33%),6(50.00%),6(50.00%),0(0.00%),11.62
88,Player_249,Club_14,15,15,3,140,32,11.67,0,0,57.14,16,0,3,6,6,0,0,0,0(0.00%),6(40.00%),9(60.00%),0(0.00%),12.77
89,Player_252,Club_27,10,10,2,140,30,17.5,0,0,62.1,37,0,2,5,2,1,0,0,0(0.00%),3(30.00%),7(70.00%),0(0.00%),15.01
90,Player_126,Club_29,9,9,3,139,33,23.17,0,0,75.96,25,0,1,2,3,0,0,1,0(0.00%),6(66.67%),3(33.33%),0(0.00%),13.61
91,Player_053,Club_36,18,11,7,137,32,34.25,0,0,77.4,13,0,1,1,1,0,1,1,7(38.89%),16(88.89%),2(11.11%),0(0.00%),6.82
92,Player_402,Club_03,8,7,5,136,30,68.0,0,0,67.31,4,0,0,1,1,0,0,0,1(12.50%),5(62.50%),3(37.50%),0(0.00%),14.5
93,Player_167,Club_35,11,11,2,136,32,15.11,0,0,78.61,12,0,2,2,4,0,0,2,0(0.00%),6(54.55%),5(45.45%),0(0.00%),14.45
94,Player_082,Club_48,12,9,5,134,30,33.5,0,0,80.22,20,0,1,1,1,1,0,1,3(25.00%),11(91.67%),1(8.33%),0(0.00%),10.79
95,Player_109,Club_42,9,9,2,134,33,19.14,0,0,86.45,21,1,1,3,3,0,0,1,0(0.00%),5(55.56%),4(44.44%),0(0.00%),12.38
96,Player_217,Club_17,10,10,1,133,30,14.78,0,0,55,1,0,1,7,1,0,0,1,0(0.00%),1(10.00%),9(90.00%),0(0.00%),21.95
97,Player_003,Club_02,12,12,3,132,32,14.67,0,0,55.23,19,0,2,7,1,0,0,1,0(0.00%),0(0.00%),12(100.00%),0(0.00%),15.81
98,Player_356,Club_14,13,9,2,132,31,18.86,0,0,63.74,15,1,0,6,1,0,0,0,4(30.77%),8(61.54%),5(38.46%),0(0.00%),9.7
99,Player_119,Club_08,11,11,1,132,30,13.2,0,0,69.11,16,3,2,7,2,1,0,0,0(0.00%),5(45.45%),5(45.45%),0(0.00%),12.45
100,Player_311,Club_33,10,10,2,130,32,16.25,0,0,81.82,6,0,0,7,1,0,0,0,0(0.00%),6(60.00%),4(40.00%),0(0.00%),12.85
101,Player_304,Club_01,10,10,2,127,26,15.88,0,0,53.91,21,0,0,7,0,0,0,1,0(0.00%),7(70.00%),3(30.00%),0(0.00%),13.48
102,Player_246,Club_14,11,11,5,126,32,21.0,0,0,77.78,18,1,2,5,1,0,0,0,0(0.00%),9(81.82%),2(18.18%),0(0.00%),9.22
103,Player_139,Club_07,9,8,5,126,33,42.0,0,0,90.32,15,2,0,1,2,0,0,0,1(11.11%),9(100.00%),0(0.00%),0(0.00%),14.88
104,Player_393,Club_47,11,11,6,125,32,25.0,0,0,88.19,16,0,2,3,2,0,0,0,0(0.00%),8(72.73%),3(27.27%),0(0.00%),10.71
105,Player_243,Club_47,11,10,5,124,30,24.8,0,0,77.99,14,0,1,1,1,2,0,1,1(9.09%),8(72.73%),3(27.27%),0(0.00%),10.63
106,Player_026,Club_30,10,10,3,123,31,17.57,0,0,67.21,19,0,2,5,2,0,0,0,0(0.00%),1(10.00%),9(90.00%),0(0.00%),17.18
107,Player_215,Club_42,11,11,2,123,33,13.67,0,0,95.35,19,1,2,4,4,0,0,1,0(0.00%),7(63.64%),4(36.36%),0(0.00%),9.26
108,Player_086,Club_13,12,11,2,123,29,13.67,0,0,80.39,17,0,1,6,2,0,0,1,1(8.33%),9(75.00%),3(25.00%),0(0.00%),10.42
109,Player_158,Club_06,11,8,6,122,32,61.0,0,0,103.66,13,2,0,1,1,0,0,0,3(27.27%),8(72.73%),3(27.27%),0(0.00%),9.92
110,Player_027,Club_37,11,10,5,121,32,24.2,0,0,74.23,15,1,2,2,3,0,0,0,1(9.09%),5(45.45%),6(54.55%),0(0.00%),11.8
111,Player_096,Club_07,8,7,5,121,30,60.5,0,0,81.82,17,0,1,1,1,0,0,0,1(12.50%),7(87.50%),1(12.50%),0(0.00%),16.05
112,Player_213,Club_27,8,8,4,121,28,30.25,0,0,63.09,52,2,0,4,0,0,0,0,0(0.00%),2(25.00%),6(75.00%),0(0.00%),15.9
113,Player_261,Club_14,12,12,6,120,32,20.0,0,0,88.89,11,0,0,4,2,0,0,0,0(0.00%),8(66.67%),4(33.33%),0(0.00%),8.96
114,Player_104,Club_31,7,7,4,120,32,40.0,0,0,86.33,18,0,0,0,3,0,0,0,0(0.00%),3(42.86%),4(57.14%),0(0.00%),15.31
115,Player_174,Club_47,11,9,3,120,35,20.0,0,0,141.18,16,3,3,3,3,0,0,0,2(18.18%),8(72.73%),3(27.27%),0(0.00%),10.28
116,Player_363,Club_10,9,9,1,118,31,14.75,0,0,111.32,15,4,1,3,2,0,0,3,0(0.00%),5(55.56%),4(44.44%),0(0.00%),12.1
117,Player_179,Club_22,15,13,3,117,30,11.7,0,0,92.13,22,1,2,5,3,0,0,2,2(13.33%),12(80.00%),3(20.00%),0(0.00%),6.89
118,Player_256,Club_10,12,12,2,117,30,11.7,0,0,43.49,13,0,3,7,1,0,0,2,0(0.00%),8(66.67%),4(33.33%),0(0.00%),9.06
119,Player_108,Club_38,7,7,3,116,30,29.0,0,0,101.75,17,1,1,1,3,0,0,0,0(0.00%),3(42.86%),4(57.14%),0(0.00%),16.41
120,Player_144,Club_36,17,14,4,114,31,11.4,0,0,110.68,15,0,4,4,4,0,0,2,3(17.65%),15(88.24%),2(11.76%),0(0.00%),5.89
121,Player_381,Club_26,10,10,2,113,31,14.13,0,0,47.06,4,0,2,5,3,0,0,0,0(0.00%),1(10.00%),8(80.00%),0(0.00%),16.82
122,Player_091,Club_19,11,10,2,112,28,14.0,0,0,77.78,11,0,1,2,5,1,0,0,1(9.09%),9(81.82%),2(18.18%),0(0.00%),8.08
123,Player_407,Club_25,8,8,1,112,30,16.0,0,0,79.61,16,0,0,5,1,0,0,1,0(0.00%),2(25.00%),6(75.00%),0(0.00%),14.7
124,Player_087,Club_48,9,7,6,111,30,111.0,0,0,111.86,8,0,0,0,1,0,0,0,2(22.22%),8(88.89%),1(11.11%),0(0.00%),13.15
125,Player_314,Club_15,6,5,0,111,40,22.2,0,0,124.72,15,3,0,3,2,0,0,0,1(16.67%),5(83.33%),1(16.67%),0(0.00%),16.79
126,Player_254,Club_32,13,13,0,111,23,8.54,0,0,48.03,12,0,2,7,2,1,1,2,0(0.00%),10(76.92%),2(15.38%),1(7.69%),9.88
127,Player_024,Club_36,16,13,4,109,30,12.11,0,0,89.34,9,0,0,2,6,0,0,1,3(18.75%),14(87.50%),2(12.50%),0(0.00%),6.06
128,Player_020,Club_36,15,11,4,107,30,15.29,0,0,89.17,10,2,2,3,3,0,0,1,4(26.67%),14(93.33%),1(6.67%),0(0.00%),6.35
129,Player_372,Club_43,14,14,2,107,22,8.92,0,0,47.14,15,0,1,3,5,2,0,2,0(0.00%),4(28.57%),10(71.43%),0(0.00%),8.27
130,Player_056,Club_44,11,9,4,106,32,21.2,0,0,67.01,8,0,1,4,0,0,0,1,2(18.18%),8(72.73%),3(27.27%),0(0.00%),10.65
131,Player_171,Club_45,9,7,2,106,30,21.2,0,0,101.35,9,1,1,1,3,0,1,0,2(22.22%),4(44.44%),3(33.33%),1(11.11%),14.89
132,Player_266,Club_21,10,10,1,106,27,11.78,0,0,65.03,14,2,3,7,1,1,0,0,0(0.00%),4(40.00%),6(60.00%),0(0.00%),11.56
133,Player_275,Club_30,10,10,1,105,23,11.67,0,0,50.48,14,0,1,4,3,2,0,0,0(0.00%),1(10.00%),9(90.00%),0(0.00%),13.39
134,Player_219,Club_08,9,9,3,104,32,17.33,0,0,60.47,17,0,2,4,1,0,0,1,0(0.00%),6(66.67%),2(22.22%),0(0.00%),11.87
135,Player_145,Club_37,10,9,2,104,31,14.86,0,0,88.14,10,0,0,1,6,0,0,0,1(10.00%),10(100.00%),0(0.00%),0(0.00%),9.77
136,Player_417,Club_08,7,7,1,103,32,17.17,0,0,95.37,18,1,0,5,1,0,0,0,0(0.00%),5(71.43%),2(28.57%),0(0.00%),15.73
137,Player_205,Club_12,12,12,4,102,29,12.75,0,0,67.55,12,0,2,6,2,0,0,0,0(0.00%),9(75.00%),3(25.00%),0(0.00%),7.5
138,Player_321,Club_25,10,10,3,101,30,14.43,0,0,60,13,0,5,3,3,1,0,0,0(0.00%),3(30.00%),7(70.00%),0(0.00%),11.16
139,Player_326,Club_22,12,10,5,100,24,20.0,0,0,61.73,8,0,0,3,2,0,0,0,2(16.67%),9(75.00%),3(25.00%),0(0.00%),6.94
140,Player_079,Club_35,12,11,2,99,27,11.0,0,0,73.33,12,2,3,5,2,0,0,2,1(8.33%),6(50.00%),6(50.00%),0(0.00%),9.01
141,Player_207,Club_05,7,7,0,98,27,14.0,0,0,66.09,10,1,0,3,4,0,0,0,0(0.00%),5(71.43%),2(28.57%),0(0.00%),12.47
142,Player_125,Club_35,13,10,5,97,25,19.4,0,0,71.32,13,0,1,3,1,0,0,1,3(23.08%),7(53.85%),6(46.15%),0(0.00%),8.39
143,Player_099,Club_27,10,10,1,97,20,10.78,0,0,54.07,44,3,1,5,3,0,0,1,0(0.00%),3(30.00%),7(70.00%),0(0.00%),10.4
144,Player_202,Club_01,10,9,0,97,20,10.78,0,0,83.17,18,2,1,3,5,1,0,0,1(10.00%),7(70.00%),3(30.00%),0(0.00%),10.3
145,Player_036,Club_33,9,9,3,96,30,16.0,0,0,83.93,7,0,1,3,2,0,0,1,0(0.00%),7(77.78%),2(22.22%),0(0.00%),10.22
146,Player_206,Club_08,14,14,1,96,24,7.38,0,0,63.58,16,1,4,8,3,1,0,1,0(0.00%),4(28.57%),10(71.43%),0(0.00%),8.16
147,Player_263,Club_32,12,11,4,94,33,13.43,0,0,61.76,12,1,1,2,3,0,0,2,1(8.33%),7(58.33%),3(25.00%),1(8.33%),9.23
148,Player_387,Club_31,10,10,2,94,30,11.75,0,0,65.28,18,0,1,5,3,0,0,0,0(0.00%),4(40.00%),6(60.00%),0(0.00%),8.72
149,Player_236,Club_18,10,10,3,92,21,13.14,0,0,37.55,11,0,2,4,3,0,0,0,0(0.00%),2(20.00%),8(80.00%),0(0.00%),13.24
150,Player_169,Club_03,6,6,2,92,30,23.0,0,0,89.04,6,0,2,1,3,0,0,0,0(0.00%),4(66.67%),2(33.33%),0(0.00%),15.23
151,Player_242,Club_46,9,9,1,92,29,11.5,0,0,85.44,10,3,1,2,2,2,0,2,0(0.00%),5(55.56%),4(44.44%),0(0.00%),10.42
152,Player_364,Club_14,13,13,2,91,33,8.27,0,0,67.91,10,2,2,7,3,0,1,0,0(0.00%),10(76.92%),3(23.08%),0(0.00%),5.68
153,Player_116,Club_21,7,7,2,91,33,18.2,0,0,83.49,16,0,3,3,2,0,0,0,0(0.00%),2(28.57%),5(71.43%),0(0.00%),13.46
154,Player_068,Club_24,9,9,2,90,18,12.86,0,0,82.57,12,0,1,4,3,0,0,0,0(0.00%),3(33.33%),6(66.67%),0(0.00%),15.33
155,Player_250,Club_37,16,13,5,89,24,11.13,0,0,56.33,9,0,2,3,5,0,0,0,3(18.75%),12(75.00%),4(25.00%),0(0.00%),5.58
156,Player_251,Club_12,12,8,3,89,27,17.8,0,0,111.25,16,0,0,3,2,0,0,0,4(33.33%),9(75.00%),3(25.00%),0(0.00%),6.54
157,Player_341,Club_08,9,9,3,87,33,14.5,0,0,93.55,14,1,3,5,1,0,0,0,0(0.00%),3(33.33%),6(66.67%),0(0.00%),11.39
158,Player_327,Club_08,8,8,2,87,24,14.5,0,0,80.56,12,2,0,5,1,0,0,0,0(0.00%),2(25.00%),6(75.00%),0(0.00%),12.89
159,Player_278,Club_40,10,10,2,87,32,10.88,0,0,51.79,9,0,2,5,2,1,0,0,0(0.00%),1(10.00%),9(90.00%),0(0.00%),13.62
160,Player_350,Club_45,8,6,1,87,33,17.4,0,0,112,9,2,0,2,3,0,0,0,2(25.00%),4(50.00%),2(25.00%),1(12.50%),13.85
161,Player_365,Club_37,13,9,4,86,31,17.2,0,0,134.38,14,0,2,3,2,0,0,0,4(30.77%),12(92.31%),1(7.69%),0(0.00%),6.66
162,Player_072,Club_38,9,9,4,86,24,17.2,0,0,58.5,9,0,0,0,3,1,0,1,0(0.00%),4(44.44%),5(55.56%),0(0.00%),8.91
163,Player_244,Club_42,9,8,2,86,24,14.33,0,0,73.5,13,0,0,2,2,0,0,2,1(11.11%),6(66.67%),3(33.33%),0(0.00%),8.0
164,Player_039,Club_34,15,7,1,86,28,14.33,0,0,76.79,14,0,0,5,0,0,1,0,8(53.33%),12(80.00%),3(20.00%),0(0.00%),5.79
165,Player_235,Club_42,9,8,3,85,32,17.0,0,0,79.44,9,0,1,3,2,0,0,0,1(11.11%),6(66.67%),3(33.33%),0(0.00%),7.72
166,Player_360,Club_40,11,11,0,85,28,7.73,0,0,53.13,16,0,2,8,2,0,0,1,0(0.00%),1(9.09%),10(90.91%),0(0.00%),11.77
167,Player_042,Club_01,10,6,2,83,24,20.75,0,0,87.37,10,1,0,0,2,0,1,1,4(40.00%),7(70.00%),3(30.00%),0(0.00%),9.05
168,Player_337,Club_14,12,11,4,82,28,11.71,0,0,60.74,8,0,2,3,2,0,0,2,1(8.33%),2(16.67%),10(83.33%),0(0.00%),9.62
169,Player_315,Club_12,11,10,2,82,24,10.25,0,0,55.78,13,1,1,6,2,0,0,0,1(9.09%),9(81.82%),2(18.18%),0(0.00%),6.49
170,Player_084,Club_31,10,9,6,80,19,26.67,0,0,90.91,14,0,0,1,0,0,0,2,1(10.00%),4(40.00%),6(60.00%),0(0.00%),7.39
171,Player_189,Club_18,8,8,2,80,32,13.33,0,0,140.35,16,1,3,2,3,0,0,1,0(0.00%),2(25.00%),6(75.00%),0(0.00%),13.49
172,Player_075,Club_49,9,7,3,79,33,19.75,0,0,106.76,13,1,1,4,0,0,0,0,2(22.22%),4(44.44%),5(55.56%),0(0.00%),12.29
173,Player_312,Club_26,5,5,1,79,28,19.75,0,0,77.78,11,0,1,1,2,0,0,1,0(0.00%),1(20.00%),4(80.00%),0(0.00%),24.69
174,Player_148,Club_04,8,7,0,79,23,11.29,0,0,59.4,10,0,0,6,1,0,0,0,1(12.50%),3(37.50%),5(62.50%),0(0.00%),13.64
175,Player_397,Club_36,11,7,1,77,31,12.83,0,0,88.51,13,0,1,3,2,0,0,1,4(36.36%),4(36.36%),7(63.64%),0(0.00%),6.63
176,Player_267,Club_38,9,8,3,76,30,15.2,0,0,118.75,10,1,0,3,0,0,1,1,1(11.11%),4(44.44%),5(55.56%),0(0.00%),7.88
177,Player_282,Club_37,11,8,2,76,32,12.67,0,0,79.17,11,0,1,2,3,0,0,1,3(27.27%),10(90.91%),1(9.09%),0(0.00%),7.11
178,Player_348,Club_44,9,9,1,76,30,9.5,0,0,66.67,6,0,2,5,3,0,0,0,0(0.00%),6(66.67%),3(33.33%),0(0.00%),9.08
179,Player_354,Club_14,11,7,3,74,30,18.5,0,0,44.58,7,0,0,1,2,0,0,1,4(36.36%),5(45.45%),6(54.55%),0(0.00%),7.18
180,Player_094,Club_13,11,8,3,74,29,14.8,0,0,81.32,13,0,2,1,3,0,0,1,3(27.27%),8(72.73%),3(27.27%),0(0.00%),7.06
181,Player_107,Club_38,7,7,1,74,25,12.33,0,0,43.02,10,0,2,4,1,0,0,1,0(0.00%),1(14.29%),6(85.71%),0(0.00%),10.59
182,Player_038,Club_08,11,11,2,73,30,8.11,0,0,57.48,13,0,3,9,0,0,0,0,0(0.00%),5(45.45%),5(45.45%),0(0.00%),6.6
183,Player_055,Club_11,11,11,4,72,30,10.29,0,0,45.28,8,0,0,4,0,1,0,2,0(0.00%),7(63.64%),4(36.36%),0(0.00%),6.56
184,Player_184,Club_30,10,10,2,72,16,9.0,0,0,52.94,10,1,3,4,4,0,0,0,0(0.00%),1(10.00%),9(90.00%),0(0.00%),9.76
185,Player_165,Club_07,10,9,5,71,24,17.75,0,0,70.49,7,0,0,2,0,0,0,1,1(10.00%),9(90.00%),1(10.00%),0(0.00%),7.7
186,Player_396,Club_32,14,12,2,71,25,7.1,0,0,54.2,7,2,5,3,6,1,0,0,2(14.29%),10(71.43%),3(21.43%),0(0.00%),5.82
187,Player_237,Club_17,10,10,0,71,25,7.1,0,0,21.74,1,0,2,6,3,0,0,1,0(0.00%),1(10.00%),9(90.00%),0(0.00%),11.64
188,Player_182,Club_41,3,3,2,70,30,70.0,0,0,85.37,6,0,0,1,0,0,0,0,0(0.00%),2(66.67%),1(33.33%),0(0.00%),21.54
189,Player_043,Club_04,8,7,1,70,22,11.67,0,0,71.43,11,0,2,5,1,0,0,0,1(12.50%),3(37.50%),5(62.50%),0(0.00%),12.84
190,Player_232,Club_32,15,13,3,69,17,6.9,0,0,46.31,9,0,6,9,1,0,0,0,2(13.33%),10(66.67%),3(20.00%),1(6.67%),5.57
191,Player_233,Club_08,12,12,0,69,28,5.75,0,0,43.13,9,0,4,6,5,0,0,1,0(0.00%),3(25.00%),9(75.00%),0(0.00%),7.06
192,Player_305,Club_20,8,8,1,68,33,9.71,0,0,76.4,10,0,1,6,0,0,0,1,0(0.00%),0(0.00%),8(100.00%),0(0.00%),15.49
193,Player_090,Club_11,13,11,0,68,23,6.18,0,0,49.64,11,0,3,9,1,0,0,1,2(15.38%),7(53.85%),6(46.15%),0(0.00%),5.0
194,Player_211,Club_20,9,8,0,68,25,8.5,0,0,68,11,0,3,5,3,0,0,0,0(0.00%),0(0.00%),8(88.89%),0(0.00%),14.53
195,Player_191,Club_21,9,8,1,67,30,9.57,0,0,70.53,9,0,2,3,3,0,0,1,1(11.11%),3(33.33%),6(66.67%),0(0.00%),7.95
196,Player_281,Club_13,10,6,3,66,28,22.0,0,0,62.26,10,0,0,2,0,0,0,0,4(40.00%),7(70.00%),3(30.00%),0(0.00%),6.67
197,Player_016,Club_06,9,7,2,66,17,13.2,0,0,80.3,7,0,0,1,4,0,0,0,2(22.22%),7(77.78%),2(22.22%),0(0.00%),6.45
198,Player_188,Club_30,11,10,2,66,13,8.25,0,0,41.25,6,0,1,5,0,0,1,2,1(9.09%),1(9.09%),10(90.91%),0(0.00%),8.17
199,Player_062,Club_49,10,8,2,65,25,10.83,0,0,56.52,9,0,2,2,3,0,1,0,2(20.00%),3(30.00%),6(60.00%),0(0.00%),8.38
200,Player_245,Club_06,10,9,3,64,15,10.67,0,0,70.51,7,0,1,3,2,0,0,1,1(10.00%),7(70.00%),3(30.00%),0(0.00%),5.62
201,Player_284,Club_14,10,9,1,64,21,8.0,0,0,43.84,10,0,2,4,1,2,0,1,1(10.00%),2(20.00%),8(80.00%),0(0.00%),9.04
202,Player_176,Club_25,8,8,0,63,27,7.88,0,0,57.27,9,0,3,4,4,0,0,0,0(0.00%),3(37.50%),5(62.50%),0(0.00%),7.85
203,Player_269,Club_13,9,7,1,62,17,10.33,0,0,46.27,5,0,1,1,4,1,0,0,2(22.22%),6(66.67%),3(33.33%),0(0.00%),7.04
204,Player_274,Club_06,11,8,0,61,16,7.63,0,0,53.27,6,0,2,3,3,0,1,1,3(27.27%),8(72.73%),3(27.27%),0(0.00%),4.89
205,Player_164,Club_49,12,11,1,60,25,6.0,0,0,34.13,4,0,3,7,2,0,0,1,1(8.33%),5(41.67%),6(50.00%),0(0.00%),7.08
206,Player_063,Club_23,8,6,3,59,31,19.67,0,0,73.68,7,0,1,1,1,0,0,1,2(25.00%),2(25.00%),6(75.00%),0(0.00%),9.41
207,Player_234,Club_48,13,8,3,59,31,11.8,0,0,88.89,3,0,0,4,1,0,0,0,5(38.46%),12(92.31%),1(7.69%),0(0.00%),4.52
208,Player_353,Club_08,9,9,1,57,23,7.13,0,0,34.76,7,0,0,2,3,0,2,1,0(0.00%),2(22.22%),7(77.78%),0(0.00%),8.18
209,Player_006,Club_08,10,10,0,57,26,5.7,0,0,52.78,11,0,5,9,1,0,0,0,0(0.00%),2(20.00%),8(80.00%),0(0.00%),7.34
210,Player_106,Club_25,7,7,1,56,17,9.33,0,0,67.24,9,0,2,4,2,0,0,0,0(0.00%),3(42.86%),4(57.14%),0(0.00%),8.06
211,Player_300,Club_01,10,5,2,55,22,18.33,0,0,63.22,10,0,0,2,1,0,0,0,5(50.00%),7(70.00%),3(30.00%),0(0.00%),6.0
212,Player_085,Club_14,7,5,2,55,17,18.33,0,0,41.04,4,0,0,2,1,0,0,0,2(28.57%),0(0.00%),7(100.00%),0(0.00%),12.2
213,Player_346,Club_26,10,10,1,54,31,6.0,0,0,40.4,6,0,4,8,1,0,0,0,0(0.00%),1(10.00%),8(80.00%),0(0.00%),8.36
214,Player_088,Club_30,7,7,0,54,15,7.71,0,0,75,8,2,2,3,4,0,0,0,0(0.00%),0(0.00%),7(100.00%),0(0.00%),10.38
215,Player_272,Club_16,10,6,4,53,19,26.5,0,0,43.8,7,0,1,1,0,0,0,1,4(40.00%),10(100.00%),0(0.00%),0(0.00%),4.98
216,Player_248,Club_25,10,9,2,53,30,7.57,0,0,62.35,7,0,3,4,3,0,0,0,1(10.00%),3(30.00%),7(70.00%),0(0.00%),5.86
217,Player_405,Club_14,8,6,1,53,29,10.6,0,0,54.64,7,0,1,4,0,0,0,1,2(25.00%),7(87.50%),1(12.50%),0(0.00%),5.75
218,Player_333,Club_21,9,9,1,53,19,6.63,0,0,71.62,7,2,3,6,1,0,0,1,0(0.00%),4(44.44%),5(55.56%),0(0.00%),6.28
219,Player_328,Club_21,7,7,1,53,16,8.83,0,0,63.86,5,0,2,4,1,0,0,1,0(0.00%),2(28.57%),5(71.43%),0(0.00%),8.69
220,Player_142,Club_19,11,9,1,53,16,6.63,0,0,102.22,7,0,2,4,3,0,0,1,2(18.18%),8(72.73%),3(27.27%),0(0.00%),4.24
221,Player_330,Club_42,3,3,2,52,30,52.0,0,0,45.61,3,0,0,0,0,0,0,1,0(0.00%),2(66.67%),1(33.33%),0(0.00%),15.48
222,Player_293,Club_43,15,10,2,52,19,6.5,0,0,51.49,7,0,1,4,3,0,0,1,5(33.33%),4(26.67%),11(73.33%),0(0.00%),3.86
223,Player_041,Club_36,18,8,2,52,17,8.67,0,0,42.28,4,0,0,6,0,0,0,0,10(55.56%),13(72.22%),5(27.78%),0(0.00%),2.51
224,Player_017,Club_48,11,7,0,52,23,7.43,0,0,142.86,8,0,1,6,1,0,0,0,4(36.36%),10(90.91%),1(9.09%),0(0.00%),4.81
225,Player_409,Club_14,17,16,5,51,8,4.64,0,0,32.03,3,0,4,5,4,0,0,2,1(5.88%),9(52.94%),8(47.06%),0(0.00%),3.47
226,Player_166,Club_23,7,6,2,51,21,12.75,0,0,46.94,1,0,1,0,2,0,1,1,1(14.29%),2(28.57%),5(71.43%),0(0.00%),9.66
227,Player_388,Club_36,13,9,3,50,25,8.33,0,0,41.67,8,1,2,5,1,0,0,0,4(30.77%),8(61.54%),5(38.46%),0(0.00%),3.62
228,Player_128,Club_17,7,7,3,50,18,12.5,0,0,12.5,0,0,1,3,0,0,0,1,0(0.00%),1(14.29%),6(85.71%),0(0.00%),10.22
229,Player_334,Club_04,6,5,2,50,19,16.67,0,0,54.95,8,0,2,2,0,0,0,1,1(16.67%),3(50.00%),3(50.00%),0(0.00%),11.29
230,Player_007,Club_07,11,6,1,50,18,10.0,0,0,53.66,6,0,1,3,2,0,0,0,5(45.45%),9(81.82%),2(18.18%),0(0.00%),5.08
231,Player_265,Club_27,7,5,1,50,22,12.5,0,0,42.5,7,0,0,4,0,0,0,0,2(28.57%),1(14.29%),6(85.71%),0(0.00%),8.03
232,Player_157,Club_38,10,9,3,49,15,8.17,0,0,51.04,3,0,2,4,1,0,0,1,1(10.00%),4(40.00%),6(60.00%),0(0.00%),4.62
233,Player_285,Club_35,11,8,3,49,19,9.8,0,0,33.79,3,0,2,5,0,0,0,0,3(27.27%),7(63.64%),4(36.36%),0(0.00%),5.03
234,Player_008,Club_34,15,8,2,49,21,8.17,0,0,79.03,8,0,3,0,6,0,0,0,7(46.67%),12(80.00%),3(20.00%),0(0.00%),3.3
235,Player_394,Club_38,8,7,1,49,13,8.17,0,0,47.12,5,0,2,3,3,0,0,0,1(12.50%),4(50.00%),4(50.00%),0(0.00%),6.23
236,Player_018,Club_08,8,7,1,49,15,8.17,0,0,69.01,8,0,2,2,3,0,0,1,1(12.50%),3(37.50%),4(50.00%),0(0.00%),6.74
237,Player_168,Club_21,6,5,1,49,23,12.25,0,0,47.12,4,0,0,1,1,0,0,2,1(16.67%),4(66.67%),2(33.33%),0(0.00%),8.01
238,Player_357,Club_27,10,9,5,48,12,12.0,0,0,46.15,3,0,1,1,3,0,0,0,1(10.00%),3(30.00%),7(70.00%),0(0.00%),5.14
239,Player_339,Club_08,12,10,4,48,19,8.0,0,0,62.34,6,0,4,3,1,0,0,2,2(16.67%),6(50.00%),5(41.67%),0(0.00%),4.15
240,Player_345,Club_33,6,5,2,48,22,16.0,0,0,66.67,3,0,0,2,0,0,0,1,1(16.67%),4(66.67%),2(33.33%),0(0.00%),7.48
241,Player_160,Club_33,6,6,2,48,18,12.0,0,0,3.33,0,0,2,1,3,0,0,0,0(0.00%),4(66.67%),2(33.33%),0(0.00%),8.96
242,Player_150,Club_36,4,4,1,48,26,16.0,0,0,53.93,9,0,0,1,0,0,0,2,0(0.00%),0(0.00%),4(100.00%),0(0.00%),14.77
243,Player_044,Club_05,8,8,0,48,24,6.0,0,0,45.74,3,0,3,3,4,0,0,1,0(0.00%),5(62.50%),3(37.50%),0(0.00%),5.49
244,Player_012,Club_14,12,6,3,47,22,15.67,0,0,37.88,1,0,0,2,1,0,0,0,6(50.00%),9(75.00%),3(25.00%),0(0.00%),3.29
245,Player_170,Club_43,15,11,4,46,17,6.57,0,0,32.39,5,0,3,2,4,1,0,0,4(26.67%),4(26.67%),11(73.33%),0(0.00%),3.42
246,Player_279,Club_10,6,5,4,46,21,46.0,0,0,80.7,3,0,0,1,0,0,0,0,1(16.67%),4(66.67%),2(33.33%),0(0.00%),7.37
247,Player_058,Club_01,12,9,2,46,17,6.57,0,0,48.1,22,1,2,3,4,0,0,0,3(25.00%),7(58.33%),5(41.67%),0(0.00%),4.32
248,Player_292,Club_35,10,8,2,46,13,7.67,0,0,75.41,5,0,0,5,0,0,0,1,2(20.00%),5(50.00%),5(50.00%),0(0.00%),5.6
249,Player_220,Club_49,12,9,3,45,15,7.5,0,0,30.41,4,0,3,3,0,0,1,2,3(25.00%),5(41.67%),6(50.00%),0(0.00%),5.31
250,Player_257,Club_30,7,7,0,45,18,6.43,0,0,46.39,7,0,0,5,2,0,0,0,0(0.00%),1(14.29%),6(85.71%),0(0.00%),8.6
251,Player_320,Club_08,11,9,4,44,15,8.8,0,0,43.56,6,0,2,3,2,0,0,0,2(18.18%),4(36.36%),7(63.64%),0(0.00%),4.63
252,Player_352,Club_46,8,7,3,44,22,11.0,0,0,49.44,4,0,1,1,1,0,0,2,1(12.50%),4(50.00%),4(50.00%),0(0.00%),5.68
253,Player_296,Club_34,14,9,2,44,15,6.29,0,0,47.83,5,0,1,5,1,0,1,0,5(35.71%),11(78.57%),3(21.43%),0(0.00%),3.22
254,Player_002,Club_45,9,7,0,44,13,6.29,0,0,54.43,5,0,0,4,0,0,0,3,2(22.22%),5(55.56%),3(33.33%),0(0.00%),5.96
255,Player_143,Club_21,5,4,2,43,23,21.5,0,0,66.15,5,0,0,0,2,0,0,0,1(20.00%),1(20.00%),4(80.00%),0(0.00%),8.57
256,Player_070,Club_08,11,9,2,43,10,6.14,0,0,48.31,6,0,2,3,1,2,0,1,2(18.18%),4(36.36%),7(63.64%),0(0.00%),4.76
257,Player_230,Club_30,8,5,1,43,16,10.75,0,0,58.9,8,0,1,2,1,1,0,0,3(37.50%),1(12.50%),7(87.50%),0(0.00%),7.0
258,Player_021,Club_19,8,7,3,42,12,10.5,0,0,44.83,2,0,0,2,1,1,0,0,1(12.50%),5(62.50%),3(37.50%),0(0.00%),5.04
259,Player_132,Club_31,11,8,2,42,25,7.0,0,0,59.15,6,0,1,1,3,1,0,0,3(27.27%),4(36.36%),7(63.64%),0(0.00%),3.62
260,Player_403,Club_03,7,7,0,42,12,6.0,0,0,51.85,5,0,1,2,3,1,0,1,0(0.00%),3(42.86%),4(57.14%),0(0.00%),7.08
261,Player_069,Club_14,16,12,5,41,11,5.86,0,0,28.67,1,0,4,5,0,0,0,2,4(25.00%),5(31.25%),11(68.75%),0(0.00%),3.5
262,Player_033,Club_08,13,11,4,41,16,5.86,0,0,32.03,3,0,3,4,3,0,0,0,2(15.38%),4(30.77%),9(69.23%),0(0.00%),3.8
263,Player_092,Club_26,5,5,1,41,28,10.25,0,0,34.62,1,0,2,4,0,0,0,0,0(0.00%),0(0.00%),4(80.00%),0(0.00%),13.36
264,Player_299,Club_24,10,10,1,40,18,4.44,0,0,31.01,5,0,4,5,4,0,0,0,0(0.00%),3(30.00%),7(70.00%),0(0.00%),6.29
265,Player_332,Club_14,14,10,4,39,15,6.5,0,0,95.12,6,0,4,6,0,0,0,0,4(28.57%),11(78.57%),3(21.43%),0(0.00%),2.28
266,Player_391,Club_41,3,3,2,39,30,39.0,0,0,72.22,3,0,0,1,0,0,0,0,0(0.00%),2(66.67%),1(33.33%),0(0.00%),12.0
267,Player_335,Club_35,7,5,1,39,16,9.75,0,0,69.64,4,1,0,2,2,0,0,0,2(28.57%),3(42.86%),4(57.14%),0(0.00%),6.1
268,Player_216,Club_33,7,6,1,39,18,7.8,0,0,35,3,0,1,4,0,0,0,1,1(14.29%),5(71.43%),2(28.57%),0(0.00%),5.54
269,Player_114,Club_24,10,8,1,39,11,5.57,0,0,51.32,4,0,0,1,3,2,0,1,2(20.00%),3(30.00%),7(70.00%),0(0.00%),6.13
270,Player_118,Club_33,8,7,5,37,16,18.5,0,0,44.9,1,0,1,2,0,0,0,0,1(12.50%),5(62.50%),3(37.50%),0(0.00%),4.91
271,Player_083,Club_31,11,8,2,37,8,6.17,0,0,71.15,6,0,0,3,3,0,0,0,3(27.27%),4(36.36%),7(63.64%),0(0.00%),3.19
272,Player_270,Club_45,10,7,1,37,11,6.17,0,0,65,2,1,2,3,1,1,1,0,3(30.00%),6(60.00%),2(20.00%),1(10.00%),4.81
273,Player_240,Club_36,5,4,1,37,20,12.33,0,0,63.79,5,1,1,1,1,0,0,1,1(20.00%),0(0.00%),5(100.00%),0(0.00%),8.08
274,Player_369,Club_11,9,5,1,37,17,9.25,0,0,82.22,5,0,1,4,0,0,0,0,4(44.44%),5(55.56%),4(44.44%),0(0.00%),4.08
275,Player_218,Club_17,5,4,1,37,31,12.33,0,0,129.63,7,0,1,1,1,0,0,1,1(20.00%),1(20.00%),4(80.00%),0(0.00%),12.71
276,Player_400,Club_46,8,7,4,36,14,12.0,0,0,47.37,5,0,0,2,0,0,1,0,1(12.50%),4(50.00%),4(50.00%),0(0.00%),4.51
277,Player_014,Club_12,7,5,3,36,13,18.0,0,0,61.02,5,0,0,2,0,0,0,0,2(28.57%),6(85.71%),1(14.29%),0(0.00%),3.99
278,Player_273,Club_48,12,6,2,36,18,9.0,0,0,80,3,0,2,2,1,0,0,1,6(50.00%),11(91.67%),1(8.33%),0(0.00%),2.82
279,Player_370,Club_38,6,5,2,35,17,11.67,0,0,71.43,3,0,1,3,0,0,0,0,1(16.67%),3(50.00%),3(50.00%),0(0.00%),6.02
280,Player_200,Club_30,10,8,5,34,13,11.33,0,0,39.08,1,0,0,3,0,0,0,0,2(20.00%),1(10.00%),9(90.00%),0(0.00%),4.61
281,Player_097,Club_14,10,9,2,34,25,4.86,0,0,49.23,3,0,2,4,1,0,0,2,1(10.00%),3(30.00%),7(70.00%),0(0.00%),4.66
282,Player_073,Club_35,9,5,2,33,9,11.0,0,0,35.11,2,0,1,2,0,0,0,1,4(44.44%),6(66.67%),3(33.33%),0(0.00%),3.84
283,Player_121,Club_33,8,6,4,32,15,16.0,0,0,16,0,0,0,0,1,0,0,1,2(25.00%),5(62.50%),3(37.50%),0(0.00%),4.15
284,Player_255,Club_14,11,8,1,32,15,4.57,0,0,43.84,5,0,3,5,1,0,0,1,3(27.27%),6(54.55%),5(45.45%),0(0.00%),3.68
285,Player_342,Club_08,7,7,1,32,14,5.33,0,0,46.38,3,0,1,2,3,0,0,1,0(0.00%),5(71.43%),2(28.57%),0(0.00%),4.62
286,Player_156,Club_08,11,7,4,31,16,10.33,0,0,40.26,3,0,2,1,2,0,0,0,4(36.36%),6(54.55%),5(45.45%),0(0.00%),2.85
287,Player_105,Club_36,8,6,2,31,20,7.75,0,0,79.49,4,0,2,0,3,0,0,1,2(25.00%),2(25.00%),6(75.00%),0(0.00%),4.02
288,Player_291,Club_32,12,7,2,31,13,6.2,0,0,42.25,2,0,1,2,3,0,0,0,5(41.67%),9(75.00%),2(16.67%),1(8.33%),3.26
289,Player_389,Club_08,12,9,2,31,13,4.43,0,0,44.93,4,0,3,5,0,0,0,2,3(25.00%),6(50.00%),5(41.67%),0(0.00%),2.64
290,Player_380,Club_14,7,6,1,31,11,6.2,0,0,54.39,6,0,2,3,1,0,0,1,1(14.29%),1(14.29%),6(85.71%),0(0.00%),7.69
291,Player_130,Club_23,3,3,0,30,12,10.0,0,0,-,0,0,0,1,1,0,0,1,0(0.00%),2(66.67%),1(33.33%),0(0.00%),13.7
292,Player_290,Club_39,11,6,3,29,14,9.67,0,0,33.72,1,0,0,2,1,0,0,0,5(45.45%),8(72.73%),3(27.27%),0(0.00%),2.53
293,Player_100,Club_08,6,6,2,29,11,7.25,0,0,69.05,4,0,0,2,2,0,0,0,0(0.00%),3(50.00%),2(33.33%),0(0.00%),5.11
294,Player_111,Club_36,13,8,2,29,10,4.83,0,0,37.18,2,0,1,5,1,0,0,0,5(38.46%),5(38.46%),8(61.54%),0(0.00%),2.04
295,Player_259,Club_01,11,6,2,29,12,7.25,0,0,37.18,4,0,1,2,2,0,0,0,5(45.45%),7(63.64%),4(36.36%),0(0.00%),2.94
296,Player_383,Club_46,10,9,1,29,9,3.63,0,0,19.81,1,0,3,6,1,0,0,1,1(10.00%),5(50.00%),5(50.00%),0(0.00%),3.13
297,Player_192,Club_14,10,7,4,28,9,9.33,0,0,35.9,1,0,0,2,1,0,0,0,3(30.00%),6(60.00%),4(40.00%),0(0.00%),3.07
298,Player_172,Club_46,7,5,4,28,10,28.0,0,0,64.29,3,0,1,1,0,0,0,0,2(28.57%),3(42.86%),4(57.14%),0(0.00%),3.85
299,Player_015,Club_42,8,6,3,28,20,9.33,0,0,57.14,3,0,1,1,1,0,0,1,2(25.00%),6(75.00%),2(25.00%),0(0.00%),2.93
300,Player_103,Club_24,10,9,2,28,21,4.0,0,0,29.79,0,0,4,6,1,0,0,0,1(10.00%),3(30.00%),7(70.00%),0(0.00%),4.4
301,Player_161,Club_17,9,9,1,28,10,3.5,0,0,28.57,0,0,3,3,4,0,0,1,0(0.00%),1(11.11%),8(88.89%),0(0.00%),4.79
302,Player_051,Club_19,3,3,1,26,25,13.0,0,0,59.09,4,0,1,2,0,0,0,0,0(0.00%),3(100.00%),0(0.00%),0(0.00%),6.68
303,Player_286,Club_32,14,10,4,25,10,4.17,0,0,32.89,1,0,1,6,0,0,0,0,4(28.57%),9(64.29%),3(21.43%),1(7.14%),2.19
304,Player_193,Club_45,9,4,2,25,14,12.5,0,0,69.7,5,0,0,2,0,0,0,0,5(55.56%),5(55.56%),2(22.22%),1(11.11%),3.62
305,Player_001,Club_45,11,8,1,25,10,3.57,0,0,30.26,1,0,0,2,1,0,0,4,3(27.27%),6(54.55%),3(27.27%),1(9.09%),2.94
306,Player_048,Club_13,10,4,1,24,16,8.0,0,0,31.58,1,0,1,2,0,0,0,1,6(60.00%),9(90.00%),1(10.00%),0(0.00%),2.33
307,Player_340,Club_05,7,6,0,24,7,4.0,0,0,88.46,4,0,0,3,1,0,0,2,1(14.29%),5(71.43%),2(28.57%),0(0.00%),3.05
308,Player_264,Club_20,6,5,0,24,12,4.8,0,0,48,3,0,1,4,0,0,0,1,0(0.00%),0(0.00%),5(83.33%),0(0.00%),7.29
309,Player_101,Club_38,6,6,0,24,9,4.0,0,0,40.68,3,1,1,3,1,0,0,2,0(0.00%),2(33.33%),4(66.67%),0(0.00%),4.4
310,Player_210,Club_20,7,7,0,24,15,3.43,0,0,31.58,3,0,3,6,1,0,0,0,0(0.00%),0(0.00%),7(100.00%),0(0.00%),6.37
311,Player_112,Club_01,12,6,2,23,9,5.75,0,0,44.23,1,0,0,2,1,0,0,1,6(50.00%),7(58.33%),5(41.67%),0(0.00%),2.16
312,Player_325,Club_42,13,7,1,23,13,3.83,0,0,56.1,2,0,1,3,1,0,0,2,6(46.15%),7(53.85%),6(46.15%),0(0.00%),1.54
313,Player_336,Club_25,6,5,1,23,13,5.75,0,0,31.94,2,0,1,4,0,0,0,0,1(16.67%),1(16.67%),5(83.33%),0(0.00%),4.65
314,Player_404,Club_42,11,6,0,23,16,3.83,0,0,60.53,3,0,2,2,2,0,0,2,5(45.45%),6(54.55%),5(45.45%),0(0.00%),2.56
315,Player_371,Club_39,13,3,1,22,12,11.0,0,0,91.67,2,1,1,2,0,0,0,0,10(76.92%),10(76.92%),3(23.08%),0(0.00%),1.78
316,Player_319,Club_24,10,9,1,22,10,2.75,0,0,13.66,1,0,3,6,1,0,0,1,1(10.00%),3(30.00%),7(70.00%),0(0.00%),3.46
317,Player_209,Club_43,11,6,1,22,11,4.4,0,0,40.74,3,0,1,3,2,0,0,0,5(45.45%),4(36.36%),7(63.64%),0(0.00%),2.23
318,Player_241,Club_37,5,5,2,21,11,7.0,0,0,67.74,1,1,1,1,2,0,0,0,0(0.00%),3(60.00%),2(40.00%),0(0.00%),4.49
319,Player_399,Club_39,10,5,1,21,14,5.25,0,0,58.33,2,0,2,3,1,0,0,0,5(50.00%),8(80.00%),2(20.00%),0(0.00%),2.06
320,Player_382,Club_04,5,3,1,21,11,10.5,0,0,51.22,3,0,0,2,0,0,0,0,2(40.00%),2(40.00%),3(60.00%),0(0.00%),6.27
321,Player_127,Club_34,15,9,6,20,10,6.67,0,0,24.39,2,0,3,1,2,0,0,0,6(40.00%),12(80.00%),3(20.00%),0(0.00%),1.35
322,Player_268,Club_08,7,5,1,20,10,5.0,0,0,54.05,4,0,2,4,0,0,0,0,2(28.57%),1(14.29%),5(71.43%),0(0.00%),3.0
323,Player_358,Club_27,9,6,1,20,7,4.0,0,0,24.68,1,0,1,3,2,0,0,0,3(33.33%),3(33.33%),6(66.67%),0(0.00%),2.38
324,Player_180,Club_40,11,9,3,19,8,3.17,0,0,30.65,3,0,3,3,2,0,0,1,2(18.18%),1(9.09%),10(90.91%),0(0.00%),2.63
325,Player_163,Club_39,10,5,3,19,9,9.5,0,0,42.22,2,0,1,0,1,0,0,1,5(50.00%),9(90.00%),1(10.00%),0(0.00%),2.02
326,Player_331,Club_46,10,7,2,18,7,3.6,0,0,22.03,1,0,1,1,1,0,1,2,3(30.00%),5(50.00%),5(50.00%),0(0.00%),1.94
327,Player_423,Club_32,13,6,2,18,11,4.5,0,0,78.26,3,0,2,3,1,0,0,0,7(53.85%),9(69.23%),3(23.08%),0(0.00%),1.65
328,Player_208,Club_33,7,3,0,18,11,6.0,0,0,38.89,1,0,1,2,1,0,0,0,4(57.14%),4(57.14%),3(42.86%),0(0.00%),2.65
329,Player_159,Club_21,6,3,2,17,11,17.0,0,0,77.27,3,0,0,0,0,0,0,1,3(50.00%),3(50.00%),3(50.00%),0(0.00%),2.9
330,Player_401,Club_42,13,6,3,16,11,5.33,0,0,41.03,2,0,2,2,1,0,0,0,7(53.85%),7(53.85%),6(46.15%),0(0.00%),1.07
331,Player_040,Club_20,9,9,1,16,5,2.0,0,0,18.82,1,0,5,5,1,0,0,2,0(0.00%),0(0.00%),9(100.00%),0(0.00%),3.15
332,Player_049,Club_24,8,5,1,16,10,4.0,0,0,32.65,0,0,1,2,1,0,0,0,3(37.50%),3(37.50%),5(62.50%),0(0.00%),3.19
333,Player_077,Club_49,8,6,0,16,8,2.67,0,0,27.59,0,0,2,5,1,0,0,0,2(25.00%),4(50.00%),3(37.50%),0(0.00%),3.33
334,Player_198,Club_17,6,6,0,16,6,2.67,0,0,17.65,1,0,2,4,2,0,0,0,0(0.00%),1(16.67%),5(83.33%),0(0.00%),4.28
335,Player_283,Club_23,5,5,0,16,7,3.2,0,0,32,1,0,1,2,2,0,0,1,0(0.00%),1(20.00%),4(80.00%),0(0.00%),5.02
336,Player_258,Club_05,7,7,4,15,9,5.0,0,0,50,2,0,2,2,0,0,0,1,0(0.00%),4(57.14%),3(42.86%),0(0.00%),1.9
337,Player_052,Club_25,8,6,3,15,7,5.0,0,0,40.54,2,0,1,2,1,0,0,0,2(25.00%),1(12.50%),7(87.50%),0(0.00%),2.4
338,Player_196,Club_23,8,7,1,15,6,2.5,0,0,10,0,0,1,2,4,0,0,0,1(12.50%),1(12.50%),7(87.50%),0(0.00%),2.61
339,Player_323,Club_14,11,6,1,15,6,3.0,0,0,20.27,1,0,1,1,2,0,1,1,5(45.45%),5(45.45%),6(54.55%),0(0.00%),1.68
340,Player_329,Club_35,11,6,0,15,11,2.5,0,0,26.32,1,0,1,2,4,0,0,0,5(45.45%),7(63.64%),4(36.36%),0(0.00%),1.56
341,Player_064,Club_05,5,4,2,14,6,7.0,0,0,38.89,1,0,0,1,0,0,0,1,1(20.00%),3(60.00%),2(40.00%),0(0.00%),2.64
342,Player_368,Club_06,4,3,2,14,9,14.0,0,0,53.85,0,0,0,0,0,0,0,1,1(25.00%),2(50.00%),2(50.00%),0(0.00%),3.04
343,Player_190,Club_26,8,6,1,14,5,2.8,0,0,21.31,2,0,1,3,2,0,0,0,2(25.00%),0(0.00%),7(87.50%),0(0.00%),2.79
344,Player_410,Club_03,5,3,1,14,8,7.0,0,0,31.25,0,0,0,0,1,0,0,1,2(40.00%),3(60.00%),2(40.00%),0(0.00%),3.01
345,Player_074,Club_17,9,8,0,14,11,1.75,0,0,0,0,0,4,7,0,0,0,0,1(11.11%),1(11.11%),8(88.89%),0(0.00%),2.4
346,Player_046,Club_17,8,8,0,14,5,1.75,0,0,8,0,0,4,2,5,0,0,1,0(0.00%),1(12.50%),7(87.50%),0(0.00%),2.99
347,Player_226,Club_42,8,6,0,14,7,2.33,0,0,25,1,0,2,3,2,0,1,0,2(25.00%),3(37.50%),5(62.50%),0(0.00%),2.45
348,Player_343,Club_23,7,6,3,13,5,4.33,0,0,20,0,0,2,2,1,0,0,0,1(14.29%),2(28.57%),5(71.43%),0(0.00%),2.38
349,Player_004,Club_40,8,7,2,13,7,2.6,0,0,30.23,1,0,2,4,1,0,0,0,1(12.50%),0(0.00%),8(100.00%),0(0.00%),2.39
350,Player_120,Club_08,11,5,3,12,7,6.0,0,0,34.29,0,0,0,2,0,0,0,0,6(54.55%),6(54.55%),4(36.36%),0(0.00%),1.08
351,Player_376,Club_20,9,9,3,12,6,2.0,0,0,11.76,0,0,5,5,0,0,0,1,0(0.00%),0(0.00%),9(100.00%),0(0.00%),2.36
352,Player_204,Club_14,15,6,2,12,7,3.0,0,0,33.33,0,0,2,3,1,0,0,0,9(60.00%),12(80.00%),3(20.00%),0(0.00%),0.67
353,Player_303,Club_05,6,5,0,12,6,2.4,0,0,29.27,1,0,2,2,2,0,0,1,1(16.67%),4(66.67%),2(33.33%),0(0.00%),1.81
354,Player_022,Club_30,6,5,4,11,7,11.0,0,0,35.48,1,0,0,0,1,0,0,0,1(16.67%),0(0.00%),6(100.00%),0(0.00%),2.96
355,Player_351,Club_12,8,3,2,11,7,11.0,0,0,36.67,1,0,1,0,1,0,0,0,5(62.50%),6(75.00%),2(25.00%),0(0.00%),1.21
356,Player_427,Club_04,4,3,1,11,6,5.5,0,0,50,1,0,0,0,2,0,0,0,1(25.00%),2(50.00%),2(50.00%),0(0.00%),4.4
357,Player_065,Club_49,9,6,1,11,7,2.2,0,0,40.74,1,0,2,3,0,0,0,2,3(33.33%),4(44.44%),4(44.44%),0(0.00%),1.71
358,Player_050,Club_17,7,7,1,11,5,1.83,0,0,45.45,1,0,3,4,1,0,0,1,0(0.00%),1(14.29%),6(85.71%),0(0.00%),2.88
359,Player_415,Club_14,5,4,0,11,8,2.75,0,0,28.95,1,0,1,3,0,0,0,1,1(20.00%),1(20.00%),4(80.00%),0(0.00%),3.01
360,Player_197,Club_40,8,8,3,10,9,2.0,0,0,27.03,1,0,3,3,2,0,0,0,0(0.00%),1(12.50%),7(87.50%),0(0.00%),1.88
361,Player_153,Club_32,8,3,2,10,8,10.0,0,0,58.82,2,0,1,1,0,0,0,0,5(62.50%),5(62.50%),2(25.00%),1(12.50%),1.45
362,Player_228,Club_08,11,8,1,10,6,1.43,0,0,10.75,1,0,3,7,0,0,0,0,3(27.27%),3(27.27%),8(72.73%),0(0.00%),1.14
363,Player_223,Club_12,8,3,1,10,6,5.0,0,0,37.04,2,0,0,1,0,0,0,1,5(62.50%),5(62.50%),3(37.50%),0(0.00%),1.26
364,Player_344,Club_14,10,8,2,9,5,1.5,0,0,17.31,0,0,4,5,1,0,0,0,2(20.00%),4(40.00%),6(60.00%),0(0.00%),1.19
365,Player_294,Club_43,8,6,2,9,4,2.25,0,0,30,1,0,1,2,0,0,0,1,2(25.00%),1(12.50%),7(87.50%),0(0.00%),1.39
366,Player_416,Club_38,9,4,2,9,6,4.5,0,0,50,1,0,1,2,0,0,0,0,5(55.56%),3(33.33%),6(66.67%),0(0.00%),0.89
367,Player_425,Club_20,8,8,0,9,2,1.13,0,0,16.36,0,0,3,2,5,0,0,1,0(0.00%),0(0.00%),8(100.00%),0(0.00%),2.05
368,Player_177,Club_14,7,3,2,8,4,8.0,0,0,16.67,0,0,0,1,0,0,0,0,4(57.14%),1(14.29%),6(85.71%),0(0.00%),1.57
369,Player_134,Club_45,10,6,1,8,7,1.6,0,0,10,0,0,4,4,1,0,0,0,4(40.00%),6(60.00%),3(30.00%),1(10.00%),1.08
370,Player_045,Club_30,5,4,1,8,7,2.67,0,0,40,1,0,1,1,2,0,0,0,1(20.00%),1(20.00%),4(80.00%),0(0.00%),2.15
371,Player_338,Club_39,11,7,1,8,3,1.33,0,0,27.59,0,0,3,3,3,0,0,0,4(36.36%),8(72.73%),3(27.27%),0(0.00%),0.75
372,Player_424,Club_17,10,8,1,8,4,1.14,0,0,0,0,0,4,4,3,0,0,0,2(20.00%),1(10.00%),9(90.00%),0(0.00%),1.32
373,Player_187,Club_13,10,5,4,7,4,7.0,0,0,18.92,1,0,1,0,0,0,0,1,5(50.00%),7(70.00%),3(30.00%),0(0.00%),0.72
374,Player_133,Club_25,5,4,2,7,5,3.5,0,0,15.91,1,0,0,2,0,0,0,0,1(20.00%),0(0.00%),5(100.00%),0(0.00%),2.14
375,Player_162,Club_14,3,3,1,7,7,3.5,0,0,23.33,0,0,1,1,1,0,0,0,0(0.00%),0(0.00%),3(100.00%),0(0.00%),4.02
376,Player_295,Club_08,3,3,1,7,6,3.5,0,0,35,1,0,0,1,0,0,0,1,0(0.00%),0(0.00%),3(100.00%),0(0.00%),3.17
377,Player_023,Club_17,11,9,0,7,5,0.78,0,0,6.9,0,0,7,4,3,0,0,2,2(18.18%),1(9.09%),10(90.91%),0(0.00%),1.08
378,Player_349,Club_17,7,6,3,6,4,2.0,0,0,5.88,0,0,2,3,0,0,0,0,1(14.29%),0(0.00%),7(100.00%),0(0.00%),1.63
379,Player_318,Club_45,10,5,3,6,3,3.0,0,0,21.74,0,0,0,0,2,0,0,0,5(50.00%),5(50.00%),3(30.00%),1(10.00%),0.81
380,Player_289,Club_08,5,3,2,6,4,6.0,0,0,37.5,0,0,1,1,0,0,0,0,2(40.00%),3(60.00%),2(40.00%),0(0.00%),1.4
381,Player_224,Club_01,3,3,2,6,3,6.0,0,0,25,0,0,0,0,1,0,0,0,0(0.00%),0(0.00%),3(100.00%),0(0.00%),2.84
382,Player_030,Club_47,11,3,1,6,5,3.0,0,0,16.67,0,0,1,0,0,0,0,2,8(72.73%),8(72.73%),3(27.27%),0(0.00%),0.51
383,Player_151,Club_12,8,3,1,6,5,3.0,0,0,66.67,1,0,1,1,0,0,0,1,5(62.50%),5(62.50%),3(37.50%),0(0.00%),0.78
384,Player_025,Club_43,13,8,4,5,4,1.25,0,0,5.88,1,0,3,1,2,0,0,1,5(38.46%),3(23.08%),10(76.92%),0(0.00%),0.43
385,Player_078,Club_14,9,5,0,5,3,1.0,0,0,12.2,0,0,2,3,1,0,0,1,4(44.44%),4(44.44%),5(55.56%),0(0.00%),0.66
386,Player_221,Club_14,13,7,4,4,3,1.33,0,0,12.9,0,0,2,3,0,0,0,0,6(46.15%),9(69.23%),4(30.77%),0(0.00%),0.31
387,Player_392,Club_17,8,7,2,4,3,0.8,0,0,11.11,0,0,3,4,1,0,0,0,1(12.50%),0(0.00%),8(100.00%),0(0.00%),0.9
388,Player_071,Club_10,10,3,1,4,2,2.0,0,0,19.05,0,0,0,1,1,0,0,0,7(70.00%),6(60.00%),4(40.00%),0(0.00%),0.39
389,Player_067,Club_33,8,3,0,4,3,1.33,0,0,33.33,0,0,1,1,2,0,0,0,5(62.50%),5(62.50%),3(37.50%),0(0.00%),0.54
390,Player_185,Club_21,5,3,2,3,2,3.0,0,0,9.68,0,0,1,1,0,0,0,0,2(40.00%),2(40.00%),3(60.00%),0(0.00%),0.58
391,Player_313,Club_36,6,3,2,3,2,3.0,0,0,14.29,0,0,0,1,0,0,0,0,3(50.00%),2(33.33%),4(66.67%),0(0.00%),0.51
392,Player_093,Club_49,8,5,1,3,2,0.75,0,0,20,0,0,3,1,3,0,0,0,3(37.50%),3(37.50%),4(50.00%),0(0.00%),0.68
393,Player_031,Club_13,10,4,3,2,1,2.0,0,0,14.29,0,0,0,0,1,0,0,0,6(60.00%),7(70.00%),3(30.00%),0(0.00%),0.2
394,Player_277,Club_35,10,4,3,2,1,2.0,0,0,10,0,0,1,1,0,0,0,0,6(60.00%),6(60.00%),4(40.00%),0(0.00%),0.24
395,Player_395,Club_29,11,5,2,2,2,0.67,0,0,12.5,0,0,3,2,1,0,0,0,6(54.55%),7(63.64%),4(36.36%),0(0.00%),0.17
396,Player_010,Club_31,8,3,2,2,1,2.0,0,0,7.41,0,0,1,1,0,0,0,0,5(62.50%),2(25.00%),6(75.00%),0(0.00%),0.24
397,Player_239,Club_25,4,3,1,2,2,1.0,0,0,10,0,0,2,2,0,0,0,0,1(25.00%),1(25.00%),3(75.00%),0(0.00%),0.67
398,Player_173,Club_14,5,4,1,2,2,0.67,0,0,10.53,0,0,2,1,1,0,0,1,1(20.00%),0(0.00%),5(100.00%),0(0.00%),0.6
399,Player_155,Club_26,4,3,1,2,2,1.0,0,0,0,0,0,1,2,0,0,0,0,1(25.00%),0(0.00%),3(75.00%),0(0.00%),0.85
400,Player_066,Club_14,14,9,1,2,2,0.25,0,0,5.88,0,0,7,5,0,0,0,3,5(35.71%),4(28.57%),10(71.43%),0(0.00%),0.2
401,Player_136,Club_14,5,4,1,2,2,0.67,0,0,9.09,0,0,2,2,0,0,0,1,1(20.00%),0(0.00%),5(100.00%),0(0.00%),0.69
402,Player_057,Club_07,11,4,0,2,2,0.5,0,0,6.67,0,0,3,3,1,0,0,0,7(63.64%),9(81.82%),2(18.18%),0(0.00%),0.19
403,Player_225,Club_12,8,3,1,1,1,0.5,0,0,8.33,0,0,1,1,1,0,0,0,5(62.50%),6(75.00%),2(25.00%),0(0.00%),0.11
404,Player_178,Club_12,9,3,1,1,1,0.5,0,0,20,0,0,1,1,1,0,0,0,6(66.67%),7(77.78%),2(22.22%),0(0.00%),0.09
405,Player_377,Club_01,7,3,0,1,1,0.33,0,0,11.11,0,0,2,1,2,0,0,0,4(57.14%),3(42.86%),4(57.14%),0(0.00%),0.17
406,Player_089,Club_30,6,3,0,1,1,0.33,0,0,3.45,0,0,2,2,1,0,0,0,3(50.00%),1(16.67%),5(83.33%),0(0.00%),0.22
407,Player_122,Club_17,8,5,2,0,0,0.0,0,0,0,0,0,3,3,0,0,0,0,3(37.50%),0(0.00%),8(100.00%),0(0.00%),0.0
408,Player_298,Club_24,7,4,1,0,0,0.0,0,0,0,0,0,3,3,0,0,0,0,3(42.86%),3(42.86%),4(57.14%),0(0.00%),0.0
409,Player_138,Club_24,9,6,1,0,0,0.0,0,0,0,0,0,5,4,1,0,0,0,3(33.33%),3(33.33%),6(66.67%),0(0.00%),0.0
410,Player_102,Club_42,6,3,1,0,0,0.0,0,0,0,0,0,2,1,1,0,0,0,3(50.00%),1(16.67%),5(83.33%),0(0.00%),0.0
