Rank,Player,Club,OVERS,MAIDENS,RUNS,WICKETS,BEST BOWLING,5 WICKET HAUL,ECONOMY RATE,STRIKE RATE,AVERAGE,% BOWLED,% CAUGHT,% LBW,% STUMPED,% TEAM WICKET
1,Player_203,Club_49,30.0,10,77,23,6/0,1,2.57,7.83,3.35,86.96,13.04,0.0,0.0,30.67
2,Player_421,Club_15,45.0,5,202,21,3/2,0,4.49,12.86,9.62,52.38,42.86,4.76,0.0,17.5
3,Player_379,Club_36,31.0,4,139,20,4/16,0,4.48,9.3,6.95,50.0,25.0,15.0,10.0,21.05
4,Player_409,Club_14,36.3,4,148,18,3/1,0,4.05,12.17,8.22,61.11,33.33,5.56,0.0,18.75
5,Player_171,Club_45,27.0,5,116,16,3/10,0,4.3,10.13,7.25,62.5,6.25,0.0,0.0,25.4
6,Player_135,Club_29,32.0,4,150,16,3/18,0,4.69,12.0,9.38,68.75,25.0,6.25,0.0,19.28
7,Player_365,Club_37,26.0,4,105,15,4/1,0,4.04,10.4,7.0,60.0,33.33,6.67,0.0,21.74
8,Player_270,Club_45,28.0,3,60,15,4/3,0,2.14,11.2,4.0,66.67,26.67,0.0,0.0,20.0
9,Player_316,Club_24,22.0,3,95,14,4/11,0,4.32,9.43,6.79,57.14,35.71,0.0,0.0,25.93
10,Player_242,Club_46,24.5,4,111,14,6/18,1,4.47,10.64,7.93,85.71,14.29,0.0,0.0,21.54
11,Player_094,Club_13,30.0,3,109,14,2/9,0,3.63,12.86,7.79,57.14,42.86,0.0,0.0,17.95
12,Player_152,Club_08,34.0,3,140,14,4/13,0,4.12,14.57,10.0,78.57,14.29,7.14,0.0,23.73
13,Player_032,Club_14,38.0,3,138,14,3/5,0,3.63,16.29,9.86,50.0,50.0,0.0,0.0,11.29
14,Player_047,Club_05,23.0,8,68,13,3/2,0,2.96,10.62,5.23,53.85,30.77,15.38,0.0,27.66
15,Player_234,Club_48,30.0,6,101,13,3/2,0,3.37,13.85,7.77,61.54,23.08,0.0,0.0,12.38
16,Player_180,Club_40,31.4,2,179,13,4/22,0,5.65,14.62,13.77,76.92,23.08,0.0,0.0,20.97
17,Player_137,Club_14,32.0,5,120,13,3/4,0,3.75,14.77,9.23,38.46,46.15,15.38,0.0,13.98
18,Player_181,Club_36,40.0,7,161,13,3/15,0,4.03,18.46,12.38,23.08,46.15,7.69,23.08,9.49
19,Player_413,Club_45,19.3,4,62,12,3/8,0,3.18,9.75,5.17,100.0,0.0,8.33,0.0,19.67
20,Player_231,Club_39,26.0,6,79,12,3/1,0,3.04,13.0,6.58,100.0,0.0,0.0,0.0,15.38
21,Player_296,Club_34,28.0,3,121,12,2/1,0,4.32,14.0,10.08,66.67,33.33,0.0,0.0,12.63
22,Player_147,Club_12,32.0,6,73,12,4/0,0,2.28,16.0,6.08,58.33,25.0,0.0,0.0,17.91
23,Player_053,Club_36,35.0,3,159,12,4/2,0,4.54,17.5,13.25,75.0,25.0,0.0,0.0,11.32
24,Player_235,Club_42,22.1,5,88,11,2/0,0,3.97,12.09,8.0,72.73,27.27,0.0,0.0,22.92
25,Player_423,Club_32,23.2,0,114,11,3/4,0,4.89,12.73,10.36,63.64,36.36,0.0,0.0,12.64
26,Player_388,Club_36,24.4,1,113,11,3/3,0,4.58,13.45,10.27,72.73,18.18,0.0,9.09,17.74
27,Player_007,Club_07,25.0,1,73,11,3/5,0,2.92,13.64,6.64,63.64,36.36,0.0,0.0,15.49
28,Player_233,Club_08,25.3,3,128,11,3/3,0,5.02,13.91,11.64,72.73,27.27,0.0,0.0,19.64
29,Player_308,Club_32,27.0,1,119,11,2/4,0,4.41,14.73,10.82,63.64,36.36,0.0,0.0,11.58
30,Player_271,Club_32,30.0,2,149,11,2/2,0,4.97,16.36,13.55,90.91,9.09,0.0,0.0,11.7
31,Player_041,Club_36,30.4,2,210,11,2/1,0,6.85,16.73,19.09,54.55,45.45,0.0,0.0,9.65
32,Player_195,Club_43,36.0,4,128,11,2/3,0,3.56,19.64,11.64,54.55,36.36,0.0,0.0,21.15
33,Player_227,Club_22,18.0,5,39,10,5/0,1,2.17,10.8,3.9,80.0,20.0,0.0,0.0,16.13
34,Player_129,Club_39,20.0,2,80,10,3/10,0,4.0,12.0,8.0,50.0,40.0,10.0,0.0,15.87
35,Player_272,Club_16,20.1,3,90,10,3/0,0,4.46,12.1,9.0,60.0,30.0,0.0,10.0,12.2
36,Player_243,Club_47,21.0,2,96,10,2/2,0,4.57,12.6,9.6,70.0,20.0,10.0,0.0,13.51
37,Player_165,Club_07,21.3,1,87,10,2/2,0,4.05,12.9,8.7,50.0,40.0,0.0,0.0,14.71
38,Player_384,Club_06,22.0,7,40,10,4/0,0,1.82,13.2,4.0,60.0,30.0,10.0,0.0,17.54
39,Player_030,Club_47,22.0,2,101,10,2/6,0,4.59,13.2,10.1,40.0,50.0,0.0,0.0,13.51
40,Player_061,Club_09,22.0,3,63,10,2/6,0,2.86,13.2,6.3,90.0,10.0,0.0,0.0,23.26
41,Player_029,Club_47,23.1,4,82,10,2/8,0,3.54,13.9,8.2,50.0,20.0,20.0,10.0,13.51
42,Player_068,Club_24,23.1,1,125,10,3/10,0,5.4,13.9,12.5,60.0,40.0,0.0,0.0,20.41
43,Player_254,Club_32,24.0,1,89,10,3/13,0,3.71,14.4,8.9,70.0,30.0,0.0,0.0,12.35
44,Player_164,Club_49,26.0,3,123,10,3/19,0,4.73,15.6,12.3,40.0,60.0,0.0,0.0,15.38
45,Player_237,Club_17,27.0,1,147,10,3/16,0,5.44,16.2,14.7,90.0,10.0,0.0,0.0,29.41
46,Player_149,Club_34,27.0,2,75,10,2/4,0,2.78,16.2,7.5,30.0,70.0,0.0,0.0,10.64
47,Player_282,Club_37,27.0,7,83,10,3/4,0,3.07,16.2,8.3,70.0,10.0,0.0,0.0,14.93
48,Player_414,Club_36,30.0,4,86,10,2/8,0,2.87,18.0,8.6,90.0,10.0,0.0,0.0,10.2
49,Player_003,Club_02,30.0,2,169,10,5/11,1,5.63,18.0,16.9,60.0,30.0,0.0,0.0,15.87
50,Player_367,Club_29,30.0,4,93,10,3/1,0,3.1,18.0,9.3,80.0,10.0,0.0,10.0,10.42
51,Player_009,Club_34,32.0,4,96,10,2/3,0,3.0,19.2,9.6,90.0,10.0,0.0,0.0,10.1
52,Player_086,Club_13,33.0,2,136,10,3/12,0,4.12,19.8,13.6,70.0,30.0,0.0,0.0,12.2
53,Player_179,Club_22,36.0,0,137,10,2/6,0,3.81,21.6,13.7,70.0,30.0,0.0,0.0,10.99
54,Player_142,Club_19,18.0,1,87,9,2/3,0,4.83,12.0,9.67,33.33,44.44,11.11,0.0,11.84
55,Player_369,Club_11,19.0,6,80,9,2/7,0,4.21,12.67,8.89,77.78,22.22,0.0,0.0,16.07
56,Player_048,Club_13,21.4,1,110,9,2/7,0,5.08,14.44,12.22,55.56,33.33,0.0,11.11,12.68
57,Player_174,Club_47,22.0,4,106,9,2/11,0,4.82,14.67,11.78,55.56,11.11,11.11,0.0,12.16
58,Player_140,Club_16,23.0,4,60,9,3/7,0,2.61,15.33,6.67,66.67,33.33,0.0,0.0,11.69
59,Player_148,Club_04,23.0,3,97,9,3/2,0,4.22,15.33,10.78,66.67,33.33,0.0,0.0,20.0
60,Player_194,Club_16,23.0,4,84,9,2/1,0,3.65,15.33,9.33,44.44,33.33,0.0,0.0,10.98
61,Player_020,Club_36,23.3,2,87,9,2/6,0,3.7,15.67,9.67,77.78,22.22,0.0,0.0,11.25
62,Player_269,Club_13,24.0,1,105,9,2/10,0,4.38,16.0,11.67,55.56,44.44,0.0,0.0,15.0
63,Player_260,Club_12,24.3,1,82,9,3/7,0,3.35,16.33,9.11,88.89,11.11,0.0,0.0,14.06
64,Player_381,Club_26,26.0,2,93,9,5/5,1,3.58,17.33,10.33,22.22,77.78,0.0,0.0,16.36
65,Player_347,Club_46,27.0,5,81,9,3/9,0,3.0,18.0,9.0,88.89,11.11,0.0,0.0,12.33
66,Player_393,Club_47,27.0,5,82,9,3/6,0,3.04,18.0,9.11,77.78,11.11,11.11,0.0,12.16
67,Player_398,Club_11,27.0,2,99,9,2/0,0,3.67,18.0,11.0,66.67,33.33,0.0,0.0,11.25
68,Player_412,Club_07,28.0,4,62,9,2/5,0,2.21,18.67,6.89,66.67,33.33,0.0,0.0,12.68
69,Player_079,Club_35,28.0,1,118,9,2/7,0,4.21,18.67,13.11,66.67,22.22,11.11,0.0,14.29
70,Player_401,Club_42,28.0,2,113,9,3/11,0,4.04,18.67,12.56,77.78,11.11,0.0,11.11,12.33
71,Player_221,Club_14,28.1,2,159,9,2/12,0,5.64,18.78,17.67,55.56,33.33,0.0,11.11,13.24
72,Player_371,Club_39,28.2,4,100,9,3/0,0,3.53,18.89,11.11,66.67,22.22,11.11,0.0,10.11
73,Player_069,Club_14,28.2,2,124,9,3/3,0,4.38,18.89,13.78,88.89,11.11,0.0,0.0,12.5
74,Player_039,Club_34,30.5,0,152,9,2/18,0,4.93,20.56,16.89,44.44,55.56,0.0,0.0,9.09
75,Player_332,Club_14,31.0,5,161,9,3/11,0,5.19,20.67,17.89,33.33,55.56,0.0,11.11,9.89
76,Player_205,Club_12,31.0,3,120,9,3/6,0,3.87,20.67,13.33,66.67,33.33,0.0,0.0,13.43
77,Player_372,Club_43,32.0,0,142,9,2/15,0,4.44,21.33,15.78,33.33,44.44,22.22,0.0,15.0
78,Player_310,Club_43,33.0,3,132,9,2/3,0,4.0,22.0,14.67,66.67,33.33,0.0,0.0,15.25
79,Player_343,Club_23,13.3,0,52,8,2/2,0,3.85,10.13,6.5,50.0,25.0,0.0,0.0,21.62
80,Player_251,Club_12,15.1,3,65,8,2/1,0,4.29,11.38,8.13,62.5,37.5,0.0,0.0,12.31
81,Player_244,Club_42,17.5,3,68,8,5/6,1,3.81,13.38,8.5,62.5,37.5,0.0,0.0,16.0
82,Player_191,Club_21,18.0,1,56,8,3/11,0,3.11,13.5,7.0,37.5,50.0,12.5,0.0,17.02
83,Player_123,Club_08,18.5,3,78,8,3/2,0,4.14,14.13,9.75,87.5,12.5,0.0,0.0,15.09
84,Player_202,Club_01,21.0,1,117,8,3/4,0,5.57,15.75,14.63,50.0,50.0,0.0,0.0,12.7
85,Player_315,Club_12,22.0,5,86,8,2/2,0,3.91,16.5,10.75,75.0,25.0,0.0,0.0,12.31
86,Player_026,Club_30,22.0,1,120,8,2/16,0,5.45,16.5,15.0,75.0,25.0,0.0,0.0,20.0
87,Player_114,Club_24,22.0,3,85,8,4/3,0,3.86,16.5,10.63,87.5,12.5,0.0,0.0,15.69
88,Player_125,Club_35,22.0,3,86,8,2/3,0,3.91,16.5,10.75,50.0,50.0,0.0,0.0,13.56
89,Player_167,Club_35,23.0,3,83,8,3/3,0,3.61,17.25,10.38,62.5,25.0,0.0,12.5,12.31
90,Player_132,Club_31,24.0,0,148,8,2/18,0,6.17,18.0,18.5,50.0,50.0,0.0,0.0,15.38
91,Player_217,Club_17,24.1,1,126,8,3/1,0,5.21,18.13,15.75,87.5,12.5,0.0,0.0,22.86
92,Player_186,Club_28,24.2,1,114,8,3/9,0,4.68,18.25,14.25,62.5,37.5,0.0,0.0,17.78
93,Player_229,Club_13,25.0,6,98,8,3/16,0,3.92,18.75,12.25,75.0,12.5,12.5,0.0,11.76
94,Player_364,Club_14,25.0,2,100,8,3/9,0,4.0,18.75,12.5,62.5,37.5,0.0,0.0,10.81
95,Player_066,Club_14,25.2,0,195,8,3/7,0,7.7,19.0,24.38,75.0,25.0,0.0,0.0,12.31
96,Player_278,Club_40,28.0,4,88,8,2/14,0,3.14,21.0,11.0,62.5,37.5,0.0,0.0,14.55
97,Player_082,Club_48,28.0,3,92,8,3/1,0,3.29,21.0,11.5,37.5,62.5,0.0,0.0,9.41
98,Player_285,Club_35,28.0,1,112,8,3/8,0,4.0,21.0,14.0,62.5,25.0,12.5,0.0,11.94
99,Player_188,Club_30,28.0,5,88,8,2/2,0,3.14,21.0,11.0,87.5,0.0,0.0,0.0,17.39
100,Player_011,Club_46,29.0,5,101,8,2/9,0,3.48,21.75,12.63,87.5,12.5,0.0,0.0,10.96
101,Player_297,Club_46,29.0,3,137,8,2/0,0,4.72,21.75,17.13,50.0,37.5,0.0,0.0,10.96
102,Player_005,Club_14,30.0,3,147,8,3/13,0,4.9,22.5,18.38,50.0,50.0,0.0,0.0,8.51
103,Player_214,Club_10,30.0,3,152,8,2/27,0,5.07,22.5,19.0,75.0,25.0,0.0,0.0,13.56
104,Player_253,Club_36,31.0,8,94,8,2/0,0,3.03,23.25,11.75,87.5,12.5,0.0,0.0,7.92
105,Player_117,Club_29,31.2,5,145,8,3/11,0,4.63,23.5,18.13,100.0,0.0,0.0,0.0,8.79
106,Player_207,Club_05,14.2,5,47,7,3/5,0,3.28,12.29,6.71,28.57,42.86,0.0,14.29,16.67
107,Player_402,Club_03,15.0,2,34,7,2/0,0,2.27,12.86,4.86,57.14,42.86,0.0,0.0,14.89
108,Player_199,Club_34,15.0,0,80,7,3/6,0,5.33,12.86,11.43,57.14,42.86,0.0,0.0,15.56
109,Player_378,Club_48,15.5,2,43,7,3/13,0,2.72,13.57,6.14,57.14,28.57,0.0,0.0,11.11
110,Player_038,Club_08,16.0,4,44,7,3/2,0,2.75,13.71,6.29,85.71,0.0,14.29,0.0,11.11
111,Player_342,Club_08,16.1,0,110,7,2/5,0,6.8,13.86,15.71,42.86,42.86,14.29,0.0,13.46
112,Player_291,Club_32,16.5,2,82,7,3/1,0,4.87,14.43,11.71,71.43,28.57,0.0,0.0,9.46
113,Player_084,Club_31,17.0,2,94,7,2/11,0,5.53,14.57,13.43,85.71,14.29,0.0,0.0,15.22
114,Player_266,Club_21,18.0,0,86,7,2/7,0,4.78,15.43,12.29,28.57,71.43,0.0,0.0,13.21
115,Player_411,Club_27,18.0,4,72,7,3/6,0,4.0,15.43,10.29,85.71,0.0,0.0,0.0,16.28
116,Player_400,Club_46,19.0,0,140,7,2/28,0,7.37,16.29,20.0,57.14,42.86,0.0,0.0,11.86
117,Player_077,Club_49,19.0,2,66,7,2/4,0,3.47,16.29,9.43,100.0,0.0,0.0,0.0,13.73
118,Player_139,Club_07,20.0,3,74,7,3/7,0,3.7,17.14,10.57,57.14,28.57,0.0,14.29,11.86
119,Player_261,Club_14,20.0,0,91,7,2/3,0,4.55,17.14,13.0,28.57,71.43,0.0,0.0,10.45
120,Player_163,Club_39,21.0,2,92,7,2/0,0,4.38,18.0,13.14,57.14,14.29,14.29,14.29,11.86
121,Player_255,Club_14,21.5,3,94,7,4/9,0,4.31,18.71,13.43,85.71,14.29,0.0,0.0,10.29
122,Player_301,Club_11,22.0,4,66,7,2/10,0,3.0,18.86,9.43,57.14,42.86,0.0,0.0,12.96
123,Player_338,Club_39,22.4,1,96,7,2/0,0,4.24,19.43,13.71,71.43,14.29,0.0,14.29,10.14
124,Player_002,Club_45,23.0,3,72,7,3/13,0,3.13,19.71,10.29,42.86,0.0,0.0,0.0,10.77
125,Player_146,Club_35,23.0,2,108,7,2/1,0,4.7,19.71,15.43,57.14,42.86,0.0,0.0,11.11
126,Player_119,Club_08,24.0,3,160,7,2/27,0,6.67,20.57,22.86,28.57,71.43,0.0,0.0,10.61
127,Player_112,Club_01,24.0,3,119,7,3/3,0,4.96,20.57,17.0,57.14,42.86,0.0,0.0,10.77
128,Player_311,Club_33,24.0,7,75,7,2/10,0,3.13,20.57,10.71,57.14,42.86,0.0,0.0,13.46
129,Player_287,Club_36,26.3,2,126,7,2/0,0,4.75,22.71,18.0,42.86,42.86,14.29,0.0,7.61
130,Player_144,Club_36,27.0,4,113,7,3/6,0,4.19,23.14,16.14,57.14,28.57,0.0,14.29,7.45
131,Player_232,Club_32,27.0,2,109,7,2/5,0,4.04,23.14,15.57,85.71,0.0,14.29,0.0,7.07
132,Player_256,Club_10,28.0,2,135,7,2/7,0,4.82,24.0,19.29,57.14,42.86,0.0,0.0,10.14
133,Player_206,Club_08,28.0,0,142,7,1/4,0,5.07,24.0,20.29,71.43,28.57,0.0,0.0,10.45
134,Player_183,Club_31,29.0,3,103,7,2/14,0,3.55,24.86,14.71,100.0,0.0,0.0,0.0,13.46
135,Player_273,Club_48,30.0,5,96,7,2/2,0,3.2,25.71,13.71,85.71,14.29,0.0,0.0,6.67
136,Player_034,Club_32,33.0,5,121,7,3/3,0,3.67,28.29,17.29,85.71,14.29,0.0,0.0,6.73
137,Player_307,Club_22,35.0,8,107,7,2/2,0,3.06,30.0,15.29,100.0,0.0,0.0,0.0,7.69
138,Player_386,Club_07,8.0,2,21,6,3/1,0,2.63,8.0,3.5,83.33,16.67,0.0,0.0,40.0
139,Player_022,Club_30,9.0,2,38,6,3/3,0,4.22,9.0,6.33,66.67,33.33,0.0,0.0,22.22
140,Player_107,Club_38,12.0,2,48,6,2/4,0,4.0,12.0,8.0,50.0,50.0,0.0,0.0,17.65
141,Player_085,Club_14,12.1,1,89,6,3/3,0,7.32,12.17,14.83,50.0,50.0,0.0,0.0,26.09
142,Player_031,Club_13,13.0,1,64,6,2/11,0,4.92,13.0,10.67,50.0,50.0,0.0,0.0,10.71
143,Player_065,Club_49,14.0,3,58,6,2/0,0,4.14,14.0,9.67,66.67,33.33,0.0,0.0,13.04
144,Player_320,Club_08,14.0,3,45,6,3/10,0,3.21,14.0,7.5,100.0,0.0,0.0,0.0,12.77
145,Player_078,Club_14,14.1,0,78,6,2/3,0,5.51,14.17,13.0,83.33,16.67,0.0,0.0,16.67
146,Player_216,Club_33,15.3,2,68,6,2/14,0,4.39,15.5,11.33,83.33,16.67,0.0,0.0,14.29
147,Player_072,Club_38,16.0,0,123,6,3/19,0,7.69,16.0,20.5,50.0,33.33,16.67,0.0,12.24
148,Player_420,Club_03,16.0,1,59,6,2/1,0,3.69,16.0,9.83,50.0,16.67,0.0,0.0,17.65
149,Player_028,Club_19,17.0,4,68,6,2/14,0,4.0,17.0,11.33,83.33,16.67,0.0,0.0,8.7
150,Player_059,Club_06,18.0,2,75,6,3/8,0,4.17,18.0,12.5,100.0,0.0,0.0,0.0,15.79
151,Player_213,Club_27,18.0,1,94,6,2/3,0,5.22,18.0,15.67,83.33,16.67,0.0,0.0,18.75
152,Player_220,Club_49,19.1,2,74,6,2/5,0,3.86,19.17,12.33,100.0,0.0,0.0,0.0,12.5
153,Player_352,Club_46,19.5,4,74,6,2/1,0,3.73,19.83,12.33,33.33,50.0,16.67,0.0,10.91
154,Player_042,Club_01,20.0,3,75,6,2/11,0,3.75,20.0,12.5,83.33,16.67,0.0,0.0,10.34
155,Player_192,Club_14,21.0,3,97,6,1/2,0,4.62,21.0,16.17,83.33,16.67,0.0,0.0,11.32
156,Player_210,Club_20,21.0,2,114,6,2/23,0,5.43,21.0,19.0,50.0,50.0,0.0,0.0,23.08
157,Player_361,Club_39,21.0,1,73,6,2/12,0,3.48,21.0,12.17,66.67,33.33,0.0,0.0,9.84
158,Player_012,Club_14,22.0,6,79,6,2/7,0,3.59,22.0,13.17,16.67,50.0,16.67,16.67,9.52
159,Player_323,Club_14,22.0,1,127,6,2/7,0,5.77,22.0,21.17,50.0,50.0,0.0,0.0,10.91
160,Player_115,Club_37,22.0,5,57,6,2/10,0,2.59,22.0,9.5,50.0,50.0,0.0,0.0,9.23
161,Player_292,Club_35,22.3,1,101,6,2/2,0,4.49,22.5,16.83,100.0,0.0,0.0,0.0,10.53
162,Player_247,Club_29,23.0,5,83,6,2/2,0,3.61,23.0,13.83,83.33,16.67,0.0,0.0,8.96
163,Player_281,Club_13,23.0,2,85,6,2/13,0,3.7,23.0,14.17,83.33,16.67,0.0,0.0,8.7
164,Player_109,Club_42,24.0,5,101,6,2/1,0,4.21,24.0,16.83,66.67,33.33,0.0,0.0,11.54
165,Player_259,Club_01,24.0,3,120,6,2/5,0,5.0,24.0,20.0,50.0,50.0,0.0,0.0,9.68
166,Player_062,Club_49,24.0,4,120,6,1/0,0,5.0,24.0,20.0,66.67,33.33,0.0,0.0,10.34
167,Player_356,Club_14,25.0,1,118,6,2/5,0,4.72,25.0,19.67,33.33,66.67,0.0,0.0,8.82
168,Player_426,Club_27,25.0,2,129,6,2/11,0,5.16,25.0,21.5,50.0,50.0,0.0,0.0,12.5
169,Player_387,Club_31,26.0,1,120,6,1/5,0,4.62,26.0,20.0,83.33,16.67,0.0,0.0,11.76
170,Player_385,Club_38,26.0,5,90,6,2/7,0,3.46,26.0,15.0,83.33,16.67,0.0,0.0,11.32
171,Player_286,Club_32,27.0,2,111,6,2/4,0,4.11,27.0,18.5,83.33,16.67,0.0,0.0,6.98
172,Player_035,Club_22,27.0,4,100,6,2/1,0,3.7,27.0,16.67,50.0,33.33,0.0,16.67,7.32
173,Player_127,Club_34,28.0,0,180,6,2/9,0,6.43,28.0,30.0,66.67,33.33,0.0,0.0,6.38
174,Player_362,Club_34,29.0,8,83,6,2/0,0,2.86,29.0,13.83,83.33,16.67,0.0,0.0,6.59
175,Player_325,Club_42,29.2,1,151,6,1/4,0,5.15,29.33,25.17,50.0,50.0,0.0,0.0,8.11
176,Player_222,Club_33,30.0,1,103,6,4/5,0,3.43,30.0,17.17,100.0,0.0,0.0,0.0,9.38
177,Player_008,Club_34,31.0,5,124,6,1/2,0,4.0,31.0,20.67,33.33,50.0,0.0,16.67,6.06
178,Player_302,Club_14,33.0,1,155,6,2/9,0,4.7,33.0,25.83,66.67,33.33,0.0,0.0,6.74
179,Player_418,Club_48,7.0,2,15,5,3/2,0,2.14,8.4,3.0,80.0,20.0,0.0,0.0,20.83
180,Player_280,Club_36,7.2,0,35,5,2/14,0,4.77,8.8,7.0,60.0,40.0,0.0,0.0,13.16
181,Player_201,Club_44,7.3,0,33,5,4/3,0,4.4,9.0,6.6,100.0,0.0,0.0,0.0,15.15
182,Player_317,Club_22,8.3,1,21,5,2/3,0,2.47,10.2,4.2,80.0,20.0,0.0,0.0,20.83
183,Player_427,Club_04,8.4,2,37,5,4/6,0,4.27,10.4,7.4,80.0,20.0,0.0,0.0,20.83
184,Player_116,Club_21,9.4,1,41,5,2/10,0,4.24,11.6,8.2,40.0,60.0,0.0,0.0,16.13
185,Player_121,Club_33,10.4,1,49,5,2/2,0,4.59,12.8,9.8,40.0,40.0,0.0,20.0,11.36
186,Player_160,Club_33,12.0,1,46,5,2/4,0,3.83,14.4,9.2,60.0,40.0,0.0,0.0,12.82
187,Player_339,Club_08,13.0,1,74,5,3/4,0,5.69,15.6,14.8,80.0,20.0,0.0,0.0,7.14
188,Player_313,Club_36,13.0,1,53,5,2/4,0,4.08,15.6,10.6,20.0,20.0,0.0,0.0,16.13
189,Player_156,Club_08,13.1,1,49,5,3/7,0,3.72,15.8,9.8,40.0,60.0,0.0,0.0,8.33
190,Player_071,Club_10,14.0,1,79,5,2/5,0,5.64,16.8,15.8,20.0,40.0,0.0,0.0,13.16
191,Player_166,Club_23,14.0,0,51,5,3/2,0,3.64,16.8,10.2,20.0,80.0,0.0,0.0,12.82
192,Player_087,Club_48,14.0,2,52,5,3/6,0,3.71,16.8,10.4,40.0,40.0,0.0,20.0,8.93
193,Player_422,Club_10,16.0,0,91,5,1/6,0,5.69,19.2,18.2,80.0,20.0,0.0,0.0,10.2
194,Player_091,Club_19,16.0,3,46,5,1/1,0,2.88,19.2,9.2,40.0,60.0,0.0,0.0,6.94
195,Player_189,Club_18,17.0,2,53,5,2/6,0,3.12,20.4,10.6,100.0,0.0,0.0,0.0,15.63
196,Player_267,Club_38,17.2,0,85,5,2/3,0,4.9,20.8,17.0,100.0,0.0,0.0,0.0,10.0
197,Player_017,Club_48,18.0,4,40,5,2/4,0,2.22,21.6,8.0,40.0,60.0,0.0,0.0,8.06
198,Player_060,Club_38,18.0,1,76,5,2/12,0,4.22,21.6,15.2,40.0,60.0,0.0,0.0,11.9
199,Player_056,Club_44,18.0,0,94,5,2/2,0,5.22,21.6,18.8,80.0,0.0,0.0,0.0,6.49
200,Player_158,Club_06,18.0,0,74,5,2/7,0,4.11,21.6,14.8,60.0,40.0,0.0,0.0,7.25
201,Player_262,Club_43,18.0,4,52,5,2/2,0,2.89,21.6,10.4,80.0,0.0,20.0,0.0,8.93
202,Player_096,Club_07,18.0,1,76,5,2/0,0,4.22,21.6,15.2,60.0,40.0,0.0,0.0,8.47
203,Player_083,Club_31,19.0,0,111,5,1/8,0,5.84,22.8,22.2,40.0,20.0,40.0,0.0,9.62
204,Player_331,Club_46,19.2,3,93,5,2/6,0,4.81,23.2,18.6,40.0,60.0,0.0,0.0,7.58
205,Player_157,Club_38,19.2,0,99,5,2/2,0,5.12,23.2,19.8,0.0,100.0,0.0,0.0,10.42
206,Player_093,Club_49,20.0,3,106,5,2/1,0,5.3,24.0,21.2,60.0,20.0,20.0,0.0,8.62
207,Player_355,Club_47,20.0,3,98,5,2/7,0,4.9,24.0,19.6,20.0,80.0,0.0,0.0,6.94
208,Player_363,Club_10,20.1,3,65,5,2/9,0,3.22,24.2,13.0,40.0,20.0,40.0,0.0,9.62
209,Player_209,Club_43,21.0,1,102,5,2/5,0,4.86,25.2,20.4,80.0,20.0,0.0,0.0,10.42
210,Player_055,Club_11,21.4,2,93,5,1/1,0,4.29,26.0,18.6,80.0,0.0,20.0,0.0,7.35
211,Player_099,Club_27,21.5,0,96,5,4/9,0,4.4,26.2,19.2,80.0,20.0,0.0,0.0,10.42
212,Player_219,Club_08,22.0,3,112,5,3/12,0,5.09,26.4,22.4,40.0,40.0,20.0,0.0,8.62
213,Player_395,Club_29,22.0,1,129,5,1/4,0,5.86,26.4,25.8,40.0,60.0,0.0,0.0,7.25
214,Player_145,Club_37,23.0,1,64,5,1/3,0,2.78,27.6,12.8,80.0,20.0,0.0,0.0,7.14
215,Player_326,Club_22,24.0,2,130,5,2/13,0,5.42,28.8,26.0,40.0,20.0,20.0,0.0,6.94
216,Player_113,Club_37,25.0,4,91,5,2/5,0,3.64,30.0,18.2,60.0,40.0,0.0,0.0,6.76
217,Player_111,Club_36,26.2,0,151,5,2/6,0,5.73,31.6,30.2,80.0,20.0,0.0,0.0,7.58
218,Player_170,Club_43,30.0,1,216,5,2/11,0,7.2,36.0,43.2,60.0,40.0,0.0,0.0,8.93
219,Player_374,Club_10,5.0,2,15,4,3/13,0,3.0,7.5,3.75,50.0,50.0,0.0,0.0,28.57
220,Player_335,Club_35,7.0,0,35,4,2/4,0,5.0,10.5,8.75,50.0,50.0,0.0,0.0,20.0
221,Player_118,Club_33,9.0,0,32,4,2/4,0,3.56,13.5,8.0,75.0,25.0,0.0,0.0,12.5
222,Player_021,Club_19,10.0,1,56,4,1/5,0,5.6,15.0,14.0,25.0,75.0,0.0,0.0,11.76
223,Player_190,Club_26,10.3,0,54,4,2/3,0,5.14,15.75,13.5,75.0,25.0,0.0,0.0,18.18
224,Player_225,Club_12,11.0,0,64,4,2/9,0,5.82,16.5,16.0,75.0,25.0,0.0,0.0,9.3
225,Player_406,Club_39,11.0,1,54,4,2/5,0,4.91,16.5,13.5,50.0,50.0,0.0,0.0,11.11
226,Player_159,Club_21,12.0,0,53,4,2/9,0,4.42,18.0,13.25,75.0,25.0,0.0,0.0,10.53
227,Player_416,Club_38,12.0,0,79,4,1/5,0,6.58,18.0,19.75,25.0,75.0,0.0,0.0,16.0
228,Player_238,Club_15,12.0,3,42,4,3/0,0,3.5,18.0,10.5,75.0,0.0,0.0,0.0,14.29
229,Player_040,Club_20,12.0,0,95,4,3/12,0,7.92,18.0,23.75,50.0,50.0,0.0,0.0,20.0
230,Player_375,Club_48,12.3,4,37,4,2/14,0,2.96,18.75,9.25,75.0,25.0,0.0,0.0,11.11
231,Player_196,Club_23,13.0,1,63,4,2/6,0,4.85,19.5,15.75,50.0,50.0,0.0,0.0,12.12
232,Player_073,Club_35,13.0,4,39,4,2/2,0,3.0,19.5,9.75,100.0,0.0,0.0,0.0,7.55
233,Player_298,Club_24,13.5,1,70,4,3/15,0,5.06,20.75,17.5,75.0,25.0,0.0,0.0,10.26
234,Player_070,Club_08,14.0,2,71,4,1/2,0,5.07,21.0,17.75,75.0,25.0,0.0,0.0,9.3
235,Player_226,Club_42,14.5,0,80,4,2/9,0,5.39,22.25,20.0,75.0,25.0,0.0,0.0,9.52
236,Player_333,Club_21,15.0,0,64,4,2/6,0,4.27,22.5,16.0,25.0,75.0,0.0,0.0,7.84
237,Player_126,Club_29,16.0,2,48,4,1/2,0,3.0,24.0,12.0,50.0,50.0,0.0,0.0,7.55
238,Player_081,Club_10,16.5,1,91,4,3/0,0,5.41,25.25,22.75,50.0,50.0,0.0,0.0,8.51
239,Player_102,Club_42,17.0,1,111,4,1/2,0,6.53,25.5,27.75,75.0,25.0,0.0,0.0,17.39
240,Player_300,Club_01,17.0,1,67,4,1/3,0,3.94,25.5,16.75,75.0,25.0,0.0,0.0,6.9
241,Player_394,Club_38,17.0,0,57,4,3/5,0,3.35,25.5,14.25,75.0,25.0,0.0,0.0,10.26
242,Player_327,Club_08,17.0,0,67,4,2/4,0,3.94,25.5,16.75,75.0,25.0,0.0,0.0,9.09
243,Player_275,Club_30,18.0,0,115,4,2/4,0,6.39,27.0,28.75,50.0,50.0,0.0,0.0,10.0
244,Player_128,Club_17,18.0,1,85,4,2/1,0,4.72,27.0,21.25,25.0,50.0,0.0,0.0,12.9
245,Player_013,Club_21,19.0,2,62,4,2/8,0,3.26,28.5,15.5,50.0,25.0,0.0,0.0,8.51
246,Player_016,Club_06,20.0,2,125,4,1/1,0,6.25,30.0,31.25,50.0,25.0,25.0,0.0,5.8
247,Player_354,Club_14,22.0,2,110,4,1/7,0,5.0,33.0,27.5,75.0,25.0,0.0,0.0,6.56
248,Player_245,Club_06,22.0,4,81,4,2/11,0,3.68,33.0,20.25,75.0,0.0,25.0,0.0,7.02
249,Player_263,Club_32,22.0,1,94,4,1/5,0,4.27,33.0,23.5,75.0,25.0,0.0,0.0,5.97
250,Player_322,Club_13,22.5,5,91,4,1/1,0,3.99,34.25,22.75,50.0,50.0,0.0,0.0,6.15
251,Player_090,Club_11,23.2,3,108,4,1/2,0,4.63,35.0,27.0,100.0,0.0,0.0,0.0,5.8
252,Player_390,Club_36,25.0,0,82,4,2/9,0,3.28,37.5,20.5,100.0,0.0,0.0,0.0,4.82
253,Player_306,Club_01,26.0,2,82,4,1/6,0,3.15,39.0,20.5,75.0,0.0,25.0,0.0,6.35
254,Player_250,Club_37,27.0,4,96,4,1/6,0,3.56,40.5,24.0,25.0,75.0,0.0,0.0,5.71
255,Player_252,Club_27,27.0,2,131,4,1/4,0,4.85,40.5,32.75,50.0,25.0,0.0,0.0,8.33
256,Player_419,Club_12,28.0,6,77,4,1/3,0,2.75,42.0,19.25,50.0,50.0,0.0,0.0,6.25
257,Player_154,Club_23,2.0,0,7,3,3/7,0,3.5,4.0,2.33,0.0,0.0,0.0,0.0,37.5
258,Player_098,Club_32,3.0,1,17,3,3/2,0,5.67,6.0,5.67,66.67,33.33,0.0,0.0,15.79
259,Player_212,Club_46,3.0,0,17,3,3/5,0,5.67,6.0,5.67,0.0,100.0,0.0,0.0,21.43
260,Player_141,Club_21,5.0,1,16,3,2/10,0,3.2,10.0,5.33,0.0,100.0,0.0,0.0,16.67
261,Player_037,Club_33,5.0,0,24,3,2/7,0,4.8,10.0,8.0,33.33,66.67,0.0,0.0,27.27
262,Player_051,Club_19,6.0,0,32,3,2/5,0,5.33,12.0,10.67,100.0,0.0,0.0,0.0,16.67
263,Player_110,Club_10,6.1,1,28,3,1/5,0,4.54,12.33,9.33,66.67,33.33,0.0,0.0,12.0
264,Player_143,Club_21,7.0,0,34,3,2/13,0,4.86,14.0,11.33,100.0,0.0,0.0,0.0,13.04
265,Player_324,Club_36,8.0,0,32,3,2/10,0,4.0,16.0,10.67,33.33,0.0,0.0,0.0,21.43
266,Player_277,Club_35,8.0,1,34,3,1/1,0,4.25,16.0,11.33,100.0,0.0,0.0,0.0,6.82
267,Player_359,Club_32,9.0,2,34,3,2/10,0,3.78,18.0,11.33,100.0,0.0,0.0,0.0,7.14
268,Player_134,Club_45,9.0,2,34,3,2/6,0,3.78,18.0,11.33,66.67,0.0,0.0,0.0,7.69
269,Player_283,Club_23,9.2,2,39,3,1/4,0,4.18,18.67,13.0,66.67,33.33,0.0,0.0,12.5
270,Player_241,Club_37,10.0,1,56,3,3/15,0,5.6,20.0,18.67,100.0,0.0,0.0,0.0,8.11
271,Player_289,Club_08,10.0,1,44,3,1/2,0,4.4,20.0,14.67,33.33,33.33,33.33,0.0,10.71
272,Player_033,Club_08,10.1,2,48,3,2/0,0,4.72,20.33,16.0,66.67,33.33,0.0,0.0,6.38
273,Player_052,Club_25,11.5,0,63,3,1/3,0,5.32,23.67,21.0,33.33,0.0,0.0,0.0,14.29
274,Player_405,Club_14,12.0,1,57,3,2/6,0,4.75,24.0,19.0,33.33,66.67,0.0,0.0,7.32
275,Player_095,Club_47,12.0,2,56,3,1/3,0,4.67,24.0,18.67,100.0,0.0,0.0,0.0,6.52
276,Player_318,Club_45,12.0,2,64,3,1/3,0,5.33,24.0,21.33,0.0,33.33,33.33,0.0,4.69
277,Player_168,Club_21,12.0,0,44,3,1/3,0,3.67,24.0,14.67,33.33,66.67,0.0,0.0,7.14
278,Player_408,Club_27,12.0,1,62,3,1/3,0,5.17,24.0,20.67,33.33,66.67,0.0,0.0,9.38
279,Player_351,Club_12,12.0,4,32,3,3/8,0,2.67,24.0,10.67,66.67,33.33,0.0,0.0,6.98
280,Player_366,Club_45,13.0,1,83,3,2/2,0,6.38,26.0,27.67,100.0,0.0,0.0,0.0,7.5
281,Player_257,Club_30,13.0,2,59,3,2/12,0,4.54,26.0,19.67,100.0,0.0,0.0,0.0,10.34
282,Player_357,Club_27,13.0,0,76,3,1/4,0,5.85,26.0,25.33,66.67,33.33,0.0,0.0,7.32
283,Player_397,Club_36,14.0,2,100,3,1/0,0,7.14,28.0,33.33,100.0,0.0,0.0,0.0,7.32
284,Player_288,Club_48,15.0,5,52,3,1/0,0,3.47,30.0,17.33,100.0,0.0,0.0,0.0,5.66
285,Player_018,Club_08,15.2,2,66,3,1/11,0,4.3,30.67,22.0,66.67,33.33,0.0,0.0,7.69
286,Player_176,Club_25,16.0,0,91,3,3/17,0,5.69,32.0,30.33,66.67,33.33,0.0,0.0,8.57
287,Player_309,Club_22,16.2,3,56,3,2/16,0,3.43,32.67,18.67,66.67,33.33,0.0,0.0,5.45
288,Player_200,Club_30,16.4,1,116,3,1/5,0,6.96,33.33,38.67,66.67,33.33,0.0,0.0,8.33
289,Player_067,Club_33,19.0,1,64,3,2/9,0,3.37,38.0,21.33,100.0,0.0,0.0,0.0,5.88
290,Player_407,Club_25,19.1,0,103,3,2/4,0,5.37,38.33,34.33,100.0,0.0,0.0,0.0,11.54
291,Player_389,Club_08,19.2,3,96,3,1/3,0,4.97,38.67,32.0,66.67,33.33,0.0,0.0,4.0
292,Player_246,Club_14,20.0,1,69,3,1/0,0,3.45,40.0,23.0,100.0,0.0,0.0,0.0,5.26
293,Player_049,Club_24,20.0,1,104,3,1/7,0,5.2,40.0,34.67,33.33,66.67,0.0,0.0,6.82
294,Player_274,Club_06,20.3,0,101,3,2/5,0,4.93,41.0,33.67,66.67,0.0,33.33,0.0,4.05
295,Player_341,Club_08,20.4,1,117,3,1/8,0,5.66,41.33,39.0,66.67,0.0,33.33,0.0,7.32
296,Player_360,Club_40,20.5,1,122,3,1/8,0,5.86,41.67,40.67,66.67,33.33,0.0,0.0,5.66
297,Player_321,Club_25,21.0,0,99,3,1/10,0,4.71,42.0,33.0,33.33,66.67,0.0,0.0,6.98
298,Player_001,Club_45,22.0,6,65,3,1/2,0,2.95,44.0,21.67,33.33,33.33,0.0,0.0,4.48
299,Player_043,Club_04,22.3,2,124,3,2/5,0,5.51,45.0,41.33,100.0,0.0,0.0,0.0,7.14
300,Player_399,Club_39,24.0,0,109,3,1/5,0,4.54,48.0,36.33,66.67,33.33,0.0,0.0,4.76
301,Player_305,Club_20,25.0,0,119,3,1/6,0,4.76,50.0,39.67,33.33,66.67,0.0,0.0,13.04
302,Player_076,Club_14,27.0,2,122,3,1/1,0,4.52,54.0,40.67,100.0,0.0,0.0,0.0,4.23
303,Player_236,Club_18,28.0,1,106,3,1/8,0,3.79,56.0,35.33,66.67,0.0,33.33,0.0,6.52
304,Player_175,Club_28,30.5,4,104,3,1/7,0,3.37,61.67,34.67,66.67,33.33,0.0,0.0,4.23
