Rank,Player,Club,WICKET KEEPING CATCHES,STUMPINGS,TOTAL WICKET KEEPING WICKETS,FIELDING CATCHES,RUN OUTS,TOTAL FIELDING WICKETS,TOTAL CATCHES,TOTAL VICTIMS
1,Player_175,Club_28,1,0,1,10,1,11,11,12
2,Player_348,Club_44,5,3,8,0,4,4,5,12
3,Player_024,Club_36,1,9,10,0,2,2,1,12
4,Player_124,Club_48,8,1,9,0,3,3,8,12
5,Player_260,Club_12,0,0,0,11,1,12,11,12
6,Player_386,Club_07,6,4,10,1,1,2,7,12
7,Player_005,Club_14,0,0,0,9,2,11,9,11
8,Player_149,Club_34,0,0,0,10,1,11,10,11
9,Player_013,Club_21,1,0,1,9,1,10,10,11
10,Player_316,Club_24,0,0,0,9,1,10,9,10
11,Player_204,Club_14,5,3,8,0,2,2,5,10
12,Player_418,Club_48,0,0,0,8,2,10,8,10
13,Player_247,Club_29,1,0,1,8,1,9,9,10
14,Player_396,Club_32,6,1,7,0,3,3,6,10
15,Player_152,Club_08,1,0,1,5,3,8,6,9
16,Player_011,Club_46,0,0,0,8,1,9,8,9
17,Player_379,Club_36,0,0,0,8,1,9,8,9
18,Player_003,Club_02,0,0,0,5,3,8,5,8
19,Player_129,Club_39,0,0,0,7,1,8,7,8
20,Player_086,Club_13,0,0,0,7,1,8,7,8
21,Player_249,Club_14,3,0,3,0,5,5,3,8
22,Player_362,Club_34,0,0,0,6,2,8,6,8
23,Player_140,Club_16,0,0,0,7,1,8,7,8
24,Player_139,Club_07,0,0,0,7,0,7,7,7
25,Player_404,Club_42,5,2,7,0,0,0,5,7
26,Player_115,Club_37,0,0,0,6,1,7,6,7
27,Player_165,Club_07,0,0,0,6,1,7,6,7
28,Player_047,Club_05,0,0,0,6,1,7,6,7
29,Player_346,Club_26,7,0,7,0,0,0,7,7
30,Player_117,Club_29,0,0,0,6,1,7,6,7
31,Player_211,Club_20,0,0,0,6,1,7,6,7
32,Player_027,Club_37,4,0,4,0,2,2,4,6
33,Player_317,Club_22,2,3,5,0,1,1,2,6
34,Player_309,Club_22,1,3,4,1,1,2,2,6
35,Player_108,Club_38,0,0,0,5,1,6,5,6
36,Player_194,Club_16,0,1,1,2,3,5,2,6
37,Player_036,Club_33,5,1,6,0,0,0,5,6
38,Player_398,Club_11,0,0,0,6,0,6,6,6
39,Player_390,Club_36,0,0,0,4,2,6,4,6
40,Player_334,Club_04,3,0,3,0,3,3,3,6
41,Player_186,Club_28,1,0,1,5,0,5,6,6
42,Player_018,Club_08,0,0,0,5,1,6,5,6
43,Player_374,Club_10,4,0,4,1,1,2,5,6
44,Player_035,Club_22,0,0,0,6,0,6,6,6
45,Player_347,Club_46,0,0,0,6,0,6,6,6
46,Player_059,Club_06,1,0,1,1,4,5,2,6
47,Player_302,Club_14,0,0,0,5,1,6,5,6
48,Player_174,Club_47,0,0,0,5,1,6,5,6
49,Player_137,Club_14,0,0,0,4,2,6,4,6
50,Player_009,Club_34,0,0,0,6,0,6,6,6
51,Player_254,Club_32,0,0,0,6,0,6,6,6
52,Player_167,Club_35,0,0,0,5,1,6,5,6
53,Player_412,Club_07,0,0,0,4,1,5,4,5
54,Player_304,Club_01,3,1,4,0,1,1,3,5
55,Player_032,Club_14,0,0,0,5,0,5,5,5
56,Player_146,Club_35,0,0,0,5,0,5,5,5
57,Player_253,Club_36,0,0,0,5,0,5,5,5
58,Player_202,Club_01,0,0,0,3,2,5,3,5
59,Player_293,Club_43,5,0,5,0,0,0,5,5
60,Player_306,Club_01,0,0,0,5,0,5,5,5
61,Player_301,Club_11,2,0,2,3,0,3,5,5
62,Player_227,Club_22,0,0,0,3,2,5,3,5
63,Player_332,Club_14,0,0,0,5,0,5,5,5
64,Player_080,Club_34,2,3,5,0,0,0,2,5
65,Player_381,Club_26,0,0,0,5,0,5,5,5
66,Player_203,Club_49,0,0,0,3,2,5,3,5
67,Player_131,Club_42,4,0,4,0,1,1,4,5
68,Player_195,Club_43,0,0,0,4,1,5,4,5
69,Player_288,Club_48,0,0,0,5,0,5,5,5
70,Player_218,Club_17,0,0,0,3,2,5,3,5
71,Player_414,Club_36,0,0,0,4,1,5,4,5
72,Player_420,Club_03,0,0,0,4,1,5,4,5
73,Player_060,Club_38,0,0,0,5,0,5,5,5
74,Player_421,Club_15,0,0,0,5,0,5,5,5
75,Player_413,Club_45,3,0,3,1,1,2,4,5
76,Player_029,Club_47,0,0,0,3,1,4,3,4
77,Player_361,Club_39,0,0,0,4,0,4,4,4
78,Player_322,Club_13,0,0,0,3,1,4,3,4
79,Player_238,Club_15,0,0,0,3,1,4,3,4
80,Player_123,Club_08,0,0,0,4,0,4,4,4
81,Player_142,Club_19,0,0,0,4,0,4,4,4
82,Player_285,Club_35,1,0,1,3,0,3,4,4
83,Player_061,Club_09,0,0,0,4,0,4,4,4
84,Player_038,Club_08,0,0,0,1,3,4,1,4
85,Player_075,Club_49,4,0,4,0,0,0,4,4
86,Player_229,Club_13,0,0,0,3,1,4,3,4
87,Player_356,Club_14,0,0,0,4,0,4,4,4
88,Player_284,Club_14,0,0,0,3,1,4,3,4
89,Player_166,Club_23,0,0,0,4,0,4,4,4
90,Player_109,Club_42,0,0,0,4,0,4,4,4
91,Player_197,Club_40,4,0,4,0,0,0,4,4
92,Player_329,Club_35,0,1,1,2,1,3,2,4
93,Player_100,Club_08,1,0,1,0,3,3,1,4
94,Player_091,Club_19,0,0,0,3,1,4,3,4
95,Player_145,Club_37,0,0,0,4,0,4,4,4
96,Player_144,Club_36,0,0,0,4,0,4,4,4
97,Player_179,Club_22,0,0,0,3,1,4,3,4
98,Player_242,Club_46,0,0,0,3,1,4,3,4
99,Player_328,Club_21,4,0,4,0,0,0,4,4
100,Player_255,Club_14,0,0,0,3,1,4,3,4
101,Player_393,Club_47,0,0,0,3,0,3,3,3
102,Player_028,Club_19,0,0,0,3,0,3,3,3
103,Player_039,Club_34,0,0,0,2,1,3,2,3
104,Player_387,Club_31,0,0,0,3,0,3,3,3
105,Player_004,Club_40,1,0,1,1,1,2,2,3
106,Player_296,Club_34,0,0,0,3,0,3,3,3
107,Player_222,Club_33,0,0,0,3,0,3,3,3
108,Player_232,Club_32,0,0,0,3,0,3,3,3
109,Player_263,Club_32,0,0,0,2,1,3,2,3
110,Player_373,Club_42,0,0,0,3,0,3,3,3
111,Player_350,Club_45,1,1,2,0,1,1,1,3
112,Player_276,Club_06,0,0,0,3,0,3,3,3
113,Player_147,Club_12,0,0,0,2,1,3,2,3
114,Player_314,Club_15,1,1,2,1,0,1,2,3
115,Player_209,Club_43,0,0,0,2,1,3,2,3
116,Player_281,Club_13,0,0,0,3,0,3,3,3
117,Player_019,Club_03,1,0,1,2,0,2,3,3
118,Player_405,Club_14,0,0,0,2,1,3,2,3
119,Player_273,Club_48,0,0,0,2,1,3,2,3
120,Player_262,Club_43,0,0,0,1,2,3,1,3
121,Player_280,Club_36,1,0,1,1,1,2,2,3
122,Player_417,Club_08,1,0,1,1,1,2,2,3
123,Player_087,Club_48,0,0,0,2,1,3,2,3
124,Player_055,Club_11,0,0,0,3,0,3,3,3
125,Player_360,Club_40,0,0,0,2,1,3,2,3
126,Player_357,Club_27,0,0,0,2,1,3,2,3
127,Player_125,Club_35,0,0,0,2,1,3,2,3
128,Player_231,Club_39,0,0,0,3,0,3,3,3
129,Player_235,Club_42,0,0,0,2,1,3,2,3
130,Player_068,Club_24,0,0,0,2,1,3,2,3
131,Player_095,Club_47,0,0,0,3,0,3,3,3
132,Player_094,Club_13,0,0,0,2,1,3,2,3
133,Player_171,Club_45,0,0,0,2,1,3,2,3
134,Player_077,Club_49,0,0,0,2,1,3,2,3
135,Player_214,Club_10,0,0,0,2,1,3,2,3
